0,54:17.5,out,Controller Foot Pedal (coarse): 43,10,43,B9 04 2B ,FALSE
1,54:17.5,out,Controller Foot Pedal (coarse): 45,9,45,B8 04 2D ,FALSE
2,54:17.5,out,Controller Foot Pedal (coarse): 45,10,45,B9 04 2D ,FALSE
3,54:17.5,out,Controller Foot Pedal (coarse): 47,9,47,B8 04 2F ,FALSE
4,54:17.5,out,Controller Foot Pedal (coarse): 47,10,47,B9 04 2F ,FALSE
5,54:17.5,out,Controller Foot Pedal (coarse): 50,9,50,B8 04 32 ,FALSE
6,54:17.5,out,Controller Foot Pedal (coarse): 50,10,50,B9 04 32 ,FALSE
7,54:17.5,out,Controller Foot Pedal (coarse): 52,9,52,B8 04 34 ,FALSE
8,54:17.5,out,Controller Foot Pedal (coarse): 52,10,52,B9 04 34 ,FALSE
9,54:17.5,out,Controller Foot Pedal (coarse): 55,9,55,B8 04 37 ,FALSE
10,54:17.5,out,Controller Foot Pedal (coarse): 55,10,55,B9 04 37 ,FALSE
11,54:17.5,out,Controller Foot Pedal (coarse): 58,9,58,B8 04 3A ,FALSE
12,54:17.5,out,Controller Foot Pedal (coarse): 58,10,58,B9 04 3A ,FALSE
13,54:17.5,out,Controller Foot Pedal (coarse): 60,9,60,B8 04 3C ,FALSE
14,54:17.5,out,Controller Foot Pedal (coarse): 60,10,60,B9 04 3C ,FALSE
15,54:17.5,out,Controller Foot Pedal (coarse): 63,9,63,B8 04 3F ,FALSE
16,54:17.5,out,Controller Foot Pedal (coarse): 63,10,63,B9 04 3F ,FALSE
17,54:17.5,out,Controller Foot Pedal (coarse): 64,9,64,B8 04 40 ,FALSE
18,54:17.5,out,Controller Foot Pedal (coarse): 64,10,64,B9 04 40 ,FALSE
19,54:17.5,out,Controller Foot Pedal (coarse): 65,9,65,B8 04 41 ,FALSE
20,54:17.5,out,Controller Foot Pedal (coarse): 65,10,65,B9 04 41 ,FALSE
21,54:17.5,out,Controller Foot Pedal (coarse): 67,9,67,B8 04 43 ,FALSE
22,54:17.5,out,Controller Foot Pedal (coarse): 67,10,67,B9 04 43 ,FALSE
23,54:17.6,out,Controller Foot Pedal (coarse): 70,9,70,B8 04 46 ,FALSE
24,54:17.6,out,Controller Foot Pedal (coarse): 70,10,70,B9 04 46 ,FALSE
25,54:17.6,out,Controller Foot Pedal (coarse): 71,9,71,B8 04 47 ,FALSE
26,54:17.6,out,Controller Foot Pedal (coarse): 71,10,71,B9 04 47 ,FALSE
27,54:17.6,out,Controller Foot Pedal (coarse): 73,9,73,B8 04 49 ,FALSE
28,54:17.6,out,Controller Foot Pedal (coarse): 73,10,73,B9 04 49 ,FALSE
29,54:17.6,out,Controller Foot Pedal (coarse): 75,9,75,B8 04 4B ,FALSE
30,54:17.6,out,Controller Foot Pedal (coarse): 75,10,75,B9 04 4B ,FALSE
31,54:17.6,out,Controller Foot Pedal (coarse): 76,9,76,B8 04 4C ,FALSE
32,54:17.6,out,Controller Foot Pedal (coarse): 76,10,76,B9 04 4C ,FALSE
33,54:17.6,out,Controller Foot Pedal (coarse): 78,9,78,B8 04 4E ,FALSE
34,54:17.6,out,Controller Foot Pedal (coarse): 78,10,78,B9 04 4E ,FALSE
35,54:17.6,out,Controller Foot Pedal (coarse): 79,9,79,B8 04 4F ,FALSE
36,54:17.6,out,Controller Foot Pedal (coarse): 79,10,79,B9 04 4F ,FALSE
37,54:17.6,out,Controller Foot Pedal (coarse): 80,9,80,B8 04 50 ,FALSE
38,54:17.6,out,Controller Foot Pedal (coarse): 80,10,80,B9 04 50 ,FALSE
39,54:17.6,out,Controller Foot Pedal (coarse): 82,9,82,B8 04 52 ,FALSE
40,54:17.6,out,Controller Foot Pedal (coarse): 82,10,82,B9 04 52 ,FALSE
41,54:17.6,out,Controller Foot Pedal (coarse): 83,9,83,B8 04 53 ,FALSE
42,54:17.6,out,Controller Foot Pedal (coarse): 83,10,83,B9 04 53 ,FALSE
43,54:17.6,out,Controller Foot Pedal (coarse): 84,9,84,B8 04 54 ,FALSE
44,54:17.6,out,Controller Foot Pedal (coarse): 84,10,84,B9 04 54 ,FALSE
45,54:17.6,out,Controller Foot Pedal (coarse): 86,9,86,B8 04 56 ,FALSE
46,54:17.6,out,Controller Foot Pedal (coarse): 86,10,86,B9 04 56 ,FALSE
47,54:17.6,out,Controller Foot Pedal (coarse): 87,9,87,B8 04 57 ,FALSE
48,54:17.6,out,Controller Foot Pedal (coarse): 87,10,87,B9 04 57 ,FALSE
49,54:17.7,out,Controller Foot Pedal (coarse): 89,9,89,B8 04 59 ,FALSE
50,54:17.7,out,Controller Foot Pedal (coarse): 89,10,89,B9 04 59 ,FALSE
51,54:17.7,out,Controller Foot Pedal (coarse): 90,9,90,B8 04 5A ,FALSE
52,54:17.7,out,Controller Foot Pedal (coarse): 90,10,90,B9 04 5A ,FALSE
53,54:17.7,out,Controller Foot Pedal (coarse): 92,9,92,B8 04 5C ,FALSE
54,54:17.7,out,Controller Foot Pedal (coarse): 92,10,92,B9 04 5C ,FALSE
55,54:17.7,out,Controller Foot Pedal (coarse): 93,9,93,B8 04 5D ,FALSE
56,54:17.7,out,Controller Foot Pedal (coarse): 93,10,93,B9 04 5D ,FALSE
57,54:17.7,out,Controller Foot Pedal (coarse): 94,9,94,B8 04 5E ,FALSE
58,54:17.7,out,Controller Foot Pedal (coarse): 94,10,94,B9 04 5E ,FALSE
59,54:18.3,out,Note on D#-2 Velocity 127,10,127,99 03 7F ,FALSE
60,54:18.5,out,Note off D#-2 Velocity 0,10,0,89 03 00 ,FALSE
61,54:18.8,out,Controller 25: 84,1,84,B0 19 54 ,FALSE
62,54:18.8,out,Controller 25: 83,1,83,B0 19 53 ,FALSE
63,54:18.8,out,Controller 25: 82,1,82,B0 19 52 ,FALSE
64,54:18.8,out,Controller 25: 81,1,81,B0 19 51 ,FALSE
65,54:18.9,out,Controller 25: 80,1,80,B0 19 50 ,FALSE
66,54:18.9,out,Controller 25: 79,1,79,B0 19 4F ,FALSE
67,54:18.9,out,Controller 25: 78,1,78,B0 19 4E ,FALSE
68,54:18.9,out,Controller 25: 77,1,77,B0 19 4D ,FALSE
69,54:18.9,out,Controller 25: 76,1,76,B0 19 4C ,FALSE
70,54:18.9,out,Controller 25: 74,1,74,B0 19 4A ,FALSE
71,54:18.9,out,Controller 25: 72,1,72,B0 19 48 ,FALSE
72,54:18.9,out,Controller 25: 70,1,70,B0 19 46 ,FALSE
73,54:18.9,out,Controller 25: 69,1,69,B0 19 45 ,FALSE
74,54:18.9,out,Controller 25: 67,1,67,B0 19 43 ,FALSE
75,54:19.3,out,Controller 24: 89,1,89,B0 18 59 ,FALSE
76,54:19.4,out,Controller 24: 88,1,88,B0 18 58 ,FALSE
77,54:19.4,out,Controller 24: 86,1,86,B0 18 56 ,FALSE
78,54:19.4,out,Controller 24: 85,1,85,B0 18 55 ,FALSE
79,54:19.4,out,Controller 24: 82,1,82,B0 18 52 ,FALSE
80,54:19.4,out,Controller 24: 80,1,80,B0 18 50 ,FALSE
81,54:19.4,out,Controller 24: 77,1,77,B0 18 4D ,FALSE
82,54:19.4,out,Controller 24: 75,1,75,B0 18 4B ,FALSE
83,54:19.4,out,Controller 24: 72,1,72,B0 18 48 ,FALSE
84,54:19.4,out,Controller 24: 70,1,70,B0 18 46 ,FALSE
85,54:19.4,out,Controller 24: 67,1,67,B0 18 43 ,FALSE
86,54:19.4,out,Controller 24: 64,1,64,B0 18 40 ,FALSE
87,54:20.0,out,Controller 23: 63,1,63,B0 17 3F ,FALSE
88,54:20.0,out,Controller 23: 62,1,62,B0 17 3E ,FALSE
89,54:20.0,out,Controller 23: 61,1,61,B0 17 3D ,FALSE
90,54:20.1,out,Controller 23: 60,1,60,B0 17 3C ,FALSE
91,54:20.1,out,Controller 23: 58,1,58,B0 17 3A ,FALSE
92,54:20.1,out,Controller 23: 57,1,57,B0 17 39 ,FALSE
93,54:20.1,out,Controller 23: 56,1,56,B0 17 38 ,FALSE
94,54:20.1,out,Controller 23: 55,1,55,B0 17 37 ,FALSE
95,54:20.1,out,Controller 23: 54,1,54,B0 17 36 ,FALSE
96,54:20.1,out,Controller 23: 53,1,53,B0 17 35 ,FALSE
97,54:20.1,out,Controller 23: 52,1,52,B0 17 34 ,FALSE
98,54:20.1,out,Controller 23: 51,1,51,B0 17 33 ,FALSE
99,54:20.1,out,Controller 23: 50,1,50,B0 17 32 ,FALSE
100,54:20.2,out,Controller 23: 49,1,49,B0 17 31 ,FALSE
101,54:20.2,out,Controller 23: 48,1,48,B0 17 30 ,FALSE
102,54:20.3,out,Controller Data Entry (coarse): 1,1,1,B0 06 01 ,FALSE
103,54:20.3,out,Controller Data Entry (coarse): 1,1,1,B0 06 01 ,FALSE
104,54:20.7,out,Controller 23: 47,1,47,B0 17 2F ,FALSE
105,54:20.7,out,Controller 23: 46,1,46,B0 17 2E ,FALSE
106,54:20.7,out,Controller 23: 45,1,45,B0 17 2D ,FALSE
107,54:20.7,out,Controller 23: 44,1,44,B0 17 2C ,FALSE
108,54:20.7,out,Controller 23: 43,1,43,B0 17 2B ,FALSE
109,54:20.8,out,Controller 23: 42,1,42,B0 17 2A ,FALSE
110,54:20.8,out,Controller 23: 43,1,43,B0 17 2B ,FALSE
111,54:20.8,out,Controller 23: 44,1,44,B0 17 2C ,FALSE
112,54:20.8,out,Controller 23: 45,1,45,B0 17 2D ,FALSE
113,54:20.8,out,Controller 23: 47,1,47,B0 17 2F ,FALSE
114,54:20.8,out,Controller 23: 48,1,48,B0 17 30 ,FALSE
115,54:20.9,out,Controller 23: 51,1,51,B0 17 33 ,FALSE
116,54:20.9,out,Controller 23: 53,1,53,B0 17 35 ,FALSE
117,54:20.9,out,Controller 23: 55,1,55,B0 17 37 ,FALSE
118,54:20.9,out,Controller 23: 57,1,57,B0 17 39 ,FALSE
119,54:20.9,out,Controller 23: 60,1,60,B0 17 3C ,FALSE
120,54:20.9,out,Controller 23: 63,1,63,B0 17 3F ,FALSE
121,54:20.9,out,Controller 23: 64,1,64,B0 17 40 ,FALSE
122,54:22.1,out,Controller 26: 1,1,1,B0 1A 01 ,FALSE
123,54:22.1,out,Controller 26: 2,1,2,B0 1A 02 ,FALSE
124,54:22.1,out,Controller 26: 4,1,4,B0 1A 04 ,FALSE
125,54:22.1,out,Controller 26: 6,1,6,B0 1A 06 ,FALSE
126,54:22.2,out,Controller 26: 8,1,8,B0 1A 08 ,FALSE
127,54:22.2,out,Controller 26: 11,1,11,B0 1A 0B ,FALSE
128,54:22.2,out,Controller 26: 13,1,13,B0 1A 0D ,FALSE
129,54:22.2,out,Controller 26: 15,1,15,B0 1A 0F ,FALSE
130,54:22.2,out,Controller 26: 18,1,18,B0 1A 12 ,FALSE
131,54:22.2,out,Controller 26: 20,1,20,B0 1A 14 ,FALSE
132,54:22.2,out,Controller 26: 23,1,23,B0 1A 17 ,FALSE
133,54:22.2,out,Controller 26: 25,1,25,B0 1A 19 ,FALSE
134,54:22.2,out,Controller 26: 27,1,27,B0 1A 1B ,FALSE
135,54:22.2,out,Controller 26: 29,1,29,B0 1A 1D ,FALSE
136,54:22.2,out,Controller 26: 31,1,31,B0 1A 1F ,FALSE
137,54:22.2,out,Controller 26: 32,1,32,B0 1A 20 ,FALSE
138,54:22.2,out,Controller 26: 34,1,34,B0 1A 22 ,FALSE
139,54:22.3,out,Controller 26: 35,1,35,B0 1A 23 ,FALSE
140,54:22.3,out,Controller 26: 37,1,37,B0 1A 25 ,FALSE
141,54:22.3,out,Controller 26: 38,1,38,B0 1A 26 ,FALSE
142,54:22.3,out,Controller 26: 39,1,39,B0 1A 27 ,FALSE
143,54:22.3,out,Controller 26: 40,1,40,B0 1A 28 ,FALSE
144,54:22.3,out,Controller 26: 41,1,41,B0 1A 29 ,FALSE
145,54:22.3,out,Controller 26: 42,1,42,B0 1A 2A ,FALSE
146,54:22.3,out,Controller 26: 43,1,43,B0 1A 2B ,FALSE
147,54:22.3,out,Controller 26: 44,1,44,B0 1A 2C ,FALSE
148,54:22.3,out,Controller 26: 45,1,45,B0 1A 2D ,FALSE
149,54:22.3,out,Controller 26: 46,1,46,B0 1A 2E ,FALSE
150,54:22.3,out,Controller 26: 47,1,47,B0 1A 2F ,FALSE
151,54:22.4,out,Controller 26: 48,1,48,B0 1A 30 ,FALSE
152,54:22.4,out,Controller 26: 50,1,50,B0 1A 32 ,FALSE
153,54:22.4,out,Controller 26: 51,1,51,B0 1A 33 ,FALSE
154,54:22.4,out,Controller 26: 52,1,52,B0 1A 34 ,FALSE
155,54:22.4,out,Controller 26: 53,1,53,B0 1A 35 ,FALSE
156,54:22.4,out,Controller 26: 54,1,54,B0 1A 36 ,FALSE
157,54:22.4,out,Controller 26: 55,1,55,B0 1A 37 ,FALSE
158,54:22.5,out,Controller 26: 56,1,56,B0 1A 38 ,FALSE
159,54:22.5,out,Controller 26: 57,1,57,B0 1A 39 ,FALSE
160,54:22.5,out,Controller 26: 58,1,58,B0 1A 3A ,FALSE
161,54:22.5,out,Controller 26: 59,1,59,B0 1A 3B ,FALSE
162,54:22.5,out,Controller 26: 61,1,61,B0 1A 3D ,FALSE
163,54:22.5,out,Controller 26: 63,1,63,B0 1A 3F ,FALSE
164,54:22.5,out,Controller 26: 64,1,64,B0 1A 40 ,FALSE
165,54:22.5,out,Controller 26: 65,1,65,B0 1A 41 ,FALSE
166,54:23.2,out,Controller 28: 126,1,126,B0 1C 7E ,FALSE
167,54:23.2,out,Controller 28: 123,1,123,B0 1C 7B ,FALSE
168,54:23.2,out,Controller 28: 117,1,117,B0 1C 75 ,FALSE
169,54:23.2,out,Controller 28: 106,1,106,B0 1C 6A ,FALSE
170,54:23.2,out,Controller 28: 102,1,102,B0 1C 66 ,FALSE
171,54:23.2,out,Controller 28: 97,1,97,B0 1C 61 ,FALSE
172,54:23.2,out,Controller 28: 89,1,89,B0 1C 59 ,FALSE
173,54:23.2,out,Controller 28: 84,1,84,B0 1C 54 ,FALSE
174,54:23.2,out,Controller 28: 71,1,71,B0 1C 47 ,FALSE
175,54:23.2,out,Controller 28: 58,1,58,B0 1C 3A ,FALSE
176,54:23.3,out,Controller 28: 43,1,43,B0 1C 2B ,FALSE
177,54:23.3,out,Controller 28: 29,1,29,B0 1C 1D ,FALSE
178,54:23.3,out,Controller 28: 22,1,22,B0 1C 16 ,FALSE
179,54:23.3,out,Controller 28: 0,1,0,B0 1C 00 ,FALSE
180,54:23.7,out,Controller 28: 126,2,126,B1 1C 7E ,FALSE
181,54:23.7,out,Controller 28: 119,2,119,B1 1C 77 ,FALSE
182,54:23.7,out,Controller 28: 104,2,104,B1 1C 68 ,FALSE
183,54:23.7,out,Controller 28: 88,2,88,B1 1C 58 ,FALSE
184,54:23.7,out,Controller 28: 73,2,73,B1 1C 49 ,FALSE
185,54:23.7,out,Controller 28: 63,2,63,B1 1C 3F ,FALSE
186,54:23.7,out,Controller 28: 48,2,48,B1 1C 30 ,FALSE
187,54:23.7,out,Controller 28: 34,2,34,B1 1C 22 ,FALSE
188,54:23.8,out,Controller 28: 22,2,22,B1 1C 16 ,FALSE
189,54:23.8,out,Controller 28: 11,2,11,B1 1C 0B ,FALSE
190,54:23.8,out,Controller 28: 2,2,2,B1 1C 02 ,FALSE
191,54:23.8,out,Controller 28: 0,2,0,B1 1C 00 ,FALSE
192,54:24.1,out,Controller 26: 101,2,101,B1 1A 65 ,FALSE
193,54:24.1,out,Controller 26: 100,2,100,B1 1A 64 ,FALSE
194,54:24.1,out,Controller 26: 98,2,98,B1 1A 62 ,FALSE
195,54:24.1,out,Controller 26: 97,2,97,B1 1A 61 ,FALSE
196,54:24.2,out,Controller 26: 95,2,95,B1 1A 5F ,FALSE
197,54:24.2,out,Controller 26: 94,2,94,B1 1A 5E ,FALSE
198,54:24.2,out,Controller 26: 93,2,93,B1 1A 5D ,FALSE
199,54:24.2,out,Controller 26: 91,2,91,B1 1A 5B ,FALSE
200,54:24.2,out,Controller 26: 90,2,90,B1 1A 5A ,FALSE
201,54:24.2,out,Controller 26: 89,2,89,B1 1A 59 ,FALSE
202,54:24.2,out,Controller 26: 88,2,88,B1 1A 58 ,FALSE
203,54:24.2,out,Controller 26: 87,2,87,B1 1A 57 ,FALSE
204,54:24.2,out,Controller 26: 86,2,86,B1 1A 56 ,FALSE
205,54:24.2,out,Controller 26: 85,2,85,B1 1A 55 ,FALSE
206,54:24.2,out,Controller 26: 84,2,84,B1 1A 54 ,FALSE
207,54:24.3,out,Controller 26: 83,2,83,B1 1A 53 ,FALSE
208,54:24.3,out,Controller 26: 82,2,82,B1 1A 52 ,FALSE
209,54:24.3,out,Controller 26: 81,2,81,B1 1A 51 ,FALSE
210,54:24.3,out,Controller 26: 79,2,79,B1 1A 4F ,FALSE
211,54:24.3,out,Controller 26: 78,2,78,B1 1A 4E ,FALSE
212,54:24.3,out,Controller 26: 77,2,77,B1 1A 4D ,FALSE
213,54:24.3,out,Controller 26: 75,2,75,B1 1A 4B ,FALSE
214,54:24.3,out,Controller 26: 74,2,74,B1 1A 4A ,FALSE
215,54:24.3,out,Controller 26: 73,2,73,B1 1A 49 ,FALSE
216,54:24.3,out,Controller 26: 72,2,72,B1 1A 48 ,FALSE
217,54:24.4,out,Controller 26: 70,2,70,B1 1A 46 ,FALSE
218,54:24.4,out,Controller 26: 69,2,69,B1 1A 45 ,FALSE
219,54:24.4,out,Controller 26: 68,2,68,B1 1A 44 ,FALSE
220,54:24.4,out,Controller 26: 67,2,67,B1 1A 43 ,FALSE
221,54:24.4,out,Controller 26: 66,2,66,B1 1A 42 ,FALSE
222,54:24.4,out,Controller 26: 65,2,65,B1 1A 41 ,FALSE
223,54:24.4,out,Controller 26: 64,2,64,B1 1A 40 ,FALSE
224,54:25.1,out,Controller Foot Pedal (coarse): 95,9,95,B8 04 5F ,FALSE
225,54:25.1,out,Controller Foot Pedal (coarse): 95,10,95,B9 04 5F ,FALSE
226,54:25.2,out,Controller Foot Pedal (coarse): 94,9,94,B8 04 5E ,FALSE
227,54:25.2,out,Controller Foot Pedal (coarse): 94,10,94,B9 04 5E ,FALSE
228,54:25.2,out,Controller Foot Pedal (coarse): 93,9,93,B8 04 5D ,FALSE
229,54:25.2,out,Controller Foot Pedal (coarse): 93,10,93,B9 04 5D ,FALSE
230,54:25.2,out,Controller Foot Pedal (coarse): 92,9,92,B8 04 5C ,FALSE
231,54:25.2,out,Controller Foot Pedal (coarse): 92,10,92,B9 04 5C ,FALSE
232,54:25.2,out,Controller Foot Pedal (coarse): 90,9,90,B8 04 5A ,FALSE
233,54:25.2,out,Controller Foot Pedal (coarse): 90,10,90,B9 04 5A ,FALSE
234,54:25.3,out,Controller Foot Pedal (coarse): 89,9,89,B8 04 59 ,FALSE
235,54:25.3,out,Controller Foot Pedal (coarse): 89,10,89,B9 04 59 ,FALSE
236,54:25.3,out,Controller Foot Pedal (coarse): 87,9,87,B8 04 57 ,FALSE
237,54:25.3,out,Controller Foot Pedal (coarse): 87,10,87,B9 04 57 ,FALSE
238,54:25.3,out,Controller Foot Pedal (coarse): 85,9,85,B8 04 55 ,FALSE
239,54:25.3,out,Controller Foot Pedal (coarse): 85,10,85,B9 04 55 ,FALSE
240,54:25.3,out,Controller Foot Pedal (coarse): 84,9,84,B8 04 54 ,FALSE
241,54:25.3,out,Controller Foot Pedal (coarse): 84,10,84,B9 04 54 ,FALSE
242,54:25.3,out,Controller Foot Pedal (coarse): 82,9,82,B8 04 52 ,FALSE
243,54:25.3,out,Controller Foot Pedal (coarse): 82,10,82,B9 04 52 ,FALSE
244,54:25.3,out,Controller Foot Pedal (coarse): 80,9,80,B8 04 50 ,FALSE
245,54:25.3,out,Controller Foot Pedal (coarse): 80,10,80,B9 04 50 ,FALSE
246,54:25.3,out,Controller Foot Pedal (coarse): 78,9,78,B8 04 4E ,FALSE
247,54:25.3,out,Controller Foot Pedal (coarse): 78,10,78,B9 04 4E ,FALSE
248,54:25.3,out,Controller Foot Pedal (coarse): 76,9,76,B8 04 4C ,FALSE
249,54:25.3,out,Controller Foot Pedal (coarse): 76,10,76,B9 04 4C ,FALSE
250,54:25.3,out,Controller Foot Pedal (coarse): 73,9,73,B8 04 49 ,FALSE
251,54:25.3,out,Controller Foot Pedal (coarse): 73,10,73,B9 04 49 ,FALSE
252,54:25.3,out,Controller Foot Pedal (coarse): 71,9,71,B8 04 47 ,FALSE
253,54:25.3,out,Controller Foot Pedal (coarse): 71,10,71,B9 04 47 ,FALSE
254,54:25.3,out,Controller Foot Pedal (coarse): 68,9,68,B8 04 44 ,FALSE
255,54:25.3,out,Controller Foot Pedal (coarse): 68,10,68,B9 04 44 ,FALSE
256,54:25.3,out,Controller Foot Pedal (coarse): 65,9,65,B8 04 41 ,FALSE
257,54:25.3,out,Controller Foot Pedal (coarse): 65,10,65,B9 04 41 ,FALSE
258,54:25.3,out,Controller Foot Pedal (coarse): 64,9,64,B8 04 40 ,FALSE
259,54:25.3,out,Controller Foot Pedal (coarse): 64,10,64,B9 04 40 ,FALSE
260,54:25.4,out,Controller Foot Pedal (coarse): 63,9,63,B8 04 3F ,FALSE
261,54:25.4,out,Controller Foot Pedal (coarse): 63,10,63,B9 04 3F ,FALSE
262,54:25.4,out,Controller Foot Pedal (coarse): 62,9,62,B8 04 3E ,FALSE
263,54:25.4,out,Controller Foot Pedal (coarse): 62,10,62,B9 04 3E ,FALSE
264,54:25.4,out,Controller Foot Pedal (coarse): 61,9,61,B8 04 3D ,FALSE
265,54:25.4,out,Controller Foot Pedal (coarse): 61,10,61,B9 04 3D ,FALSE
266,54:25.4,out,Controller Foot Pedal (coarse): 59,9,59,B8 04 3B ,FALSE
267,54:25.4,out,Controller Foot Pedal (coarse): 59,10,59,B9 04 3B ,FALSE
268,54:25.4,out,Controller Foot Pedal (coarse): 57,9,57,B8 04 39 ,FALSE
269,54:25.4,out,Controller Foot Pedal (coarse): 57,10,57,B9 04 39 ,FALSE
270,54:25.4,out,Controller Foot Pedal (coarse): 55,9,55,B8 04 37 ,FALSE
271,54:25.4,out,Controller Foot Pedal (coarse): 55,10,55,B9 04 37 ,FALSE
272,54:25.4,out,Controller Foot Pedal (coarse): 54,9,54,B8 04 36 ,FALSE
273,54:25.4,out,Controller Foot Pedal (coarse): 54,10,54,B9 04 36 ,FALSE
274,54:25.4,out,Controller Foot Pedal (coarse): 52,9,52,B8 04 34 ,FALSE
275,54:25.4,out,Controller Foot Pedal (coarse): 52,10,52,B9 04 34 ,FALSE
276,54:25.4,out,Controller Foot Pedal (coarse): 49,9,49,B8 04 31 ,FALSE
277,54:25.4,out,Controller Foot Pedal (coarse): 49,10,49,B9 04 31 ,FALSE
278,54:25.4,out,Controller Foot Pedal (coarse): 47,9,47,B8 04 2F ,FALSE
279,54:25.4,out,Controller Foot Pedal (coarse): 47,10,47,B9 04 2F ,FALSE
280,54:25.4,out,Controller Foot Pedal (coarse): 44,9,44,B8 04 2C ,FALSE
281,54:25.4,out,Controller Foot Pedal (coarse): 44,10,44,B9 04 2C ,FALSE
282,54:25.4,out,Controller Foot Pedal (coarse): 40,9,40,B8 04 28 ,FALSE
283,54:25.4,out,Controller Foot Pedal (coarse): 40,10,40,B9 04 28 ,FALSE
284,54:25.5,out,Controller Foot Pedal (coarse): 37,9,37,B8 04 25 ,FALSE
285,54:25.5,out,Controller Foot Pedal (coarse): 37,10,37,B9 04 25 ,FALSE
286,54:25.5,out,Controller Foot Pedal (coarse): 33,9,33,B8 04 21 ,FALSE
287,54:25.5,out,Controller Foot Pedal (coarse): 33,10,33,B9 04 21 ,FALSE
288,54:25.5,out,Controller Foot Pedal (coarse): 29,9,29,B8 04 1D ,FALSE
289,54:25.5,out,Controller Foot Pedal (coarse): 29,10,29,B9 04 1D ,FALSE
290,54:25.5,out,Controller Foot Pedal (coarse): 26,9,26,B8 04 1A ,FALSE
291,54:25.5,out,Controller Foot Pedal (coarse): 26,10,26,B9 04 1A ,FALSE
292,54:25.5,out,Controller Foot Pedal (coarse): 23,9,23,B8 04 17 ,FALSE
293,54:25.5,out,Controller Foot Pedal (coarse): 23,10,23,B9 04 17 ,FALSE
294,54:25.5,out,Controller Foot Pedal (coarse): 20,9,20,B8 04 14 ,FALSE
295,54:25.5,out,Controller Foot Pedal (coarse): 20,10,20,B9 04 14 ,FALSE
296,54:25.5,out,Controller Foot Pedal (coarse): 17,9,17,B8 04 11 ,FALSE
297,54:25.5,out,Controller Foot Pedal (coarse): 17,10,17,B9 04 11 ,FALSE
298,54:25.5,out,Controller Foot Pedal (coarse): 14,9,14,B8 04 0E ,FALSE
299,54:25.5,out,Controller Foot Pedal (coarse): 14,10,14,B9 04 0E ,FALSE
300,54:25.5,out,Controller Foot Pedal (coarse): 11,9,11,B8 04 0B ,FALSE
301,54:25.5,out,Controller Foot Pedal (coarse): 11,10,11,B9 04 0B ,FALSE
302,54:25.5,out,Controller Foot Pedal (coarse): 8,9,8,B8 04 08 ,FALSE
303,54:25.5,out,Controller Foot Pedal (coarse): 8,10,8,B9 04 08 ,FALSE
304,54:25.5,out,Controller Foot Pedal (coarse): 5,9,5,B8 04 05 ,FALSE
305,54:25.5,out,Controller Foot Pedal (coarse): 5,10,5,B9 04 05 ,FALSE
306,54:25.5,out,Controller Foot Pedal (coarse): 2,9,2,B8 04 02 ,FALSE
307,54:25.5,out,Controller Foot Pedal (coarse): 2,10,2,B9 04 02 ,FALSE
308,54:25.5,out,Controller Foot Pedal (coarse): 0,9,0,B8 04 00 ,FALSE
309,54:25.5,out,Controller Foot Pedal (coarse): 0,10,0,B9 04 00 ,FALSE
310,54:26.2,out,Controller 3: 0,10,0,B9 03 00 ,FALSE
311,54:26.2,out,Controller 3: 2,10,2,B9 03 02 ,FALSE
312,54:26.2,out,Controller 3: 0,10,0,B9 03 00 ,FALSE
313,54:26.6,out,Controller Data Entry (coarse): 1,2,1,B1 06 01 ,FALSE
314,54:26.6,out,Controller Data Entry (coarse): 1,2,1,B1 06 01 ,FALSE
315,54:26.6,out,Controller Data Entry (coarse): 1,2,1,B1 06 01 ,FALSE
316,54:26.6,out,Controller Data Entry (coarse): 1,2,1,B1 06 01 ,FALSE
317,54:26.6,out,Controller Data Entry (coarse): 1,2,1,B1 06 01 ,FALSE
318,54:26.6,out,Controller Data Entry (coarse): 127,2,127,B1 06 7F ,FALSE
319,54:26.6,out,Controller Data Entry (coarse): 127,2,127,B1 06 7F ,FALSE
320,54:26.6,out,Controller Data Entry (coarse): 127,2,127,B1 06 7F ,FALSE
321,54:26.6,out,Controller Data Entry (coarse): 126,2,126,B1 06 7E ,FALSE
322,54:26.7,out,Controller Data Entry (coarse): 127,2,127,B1 06 7F ,FALSE
323,54:26.7,out,Controller Data Entry (coarse): 127,2,127,B1 06 7F ,FALSE
324,54:26.7,out,Controller Data Entry (coarse): 126,2,126,B1 06 7E ,FALSE
325,54:26.7,out,Controller Data Entry (coarse): 126,2,126,B1 06 7E ,FALSE
326,54:26.7,out,Controller Data Entry (coarse): 125,2,125,B1 06 7D ,FALSE
327,54:26.7,out,Controller Data Entry (coarse): 126,2,126,B1 06 7E ,FALSE
328,54:26.7,out,Controller Data Entry (coarse): 125,2,125,B1 06 7D ,FALSE
329,54:26.7,out,Controller Data Entry (coarse): 125,2,125,B1 06 7D ,FALSE
330,54:26.7,out,Controller Data Entry (coarse): 125,2,125,B1 06 7D ,FALSE
331,54:26.7,out,Controller Data Entry (coarse): 124,2,124,B1 06 7C ,FALSE
332,54:26.7,out,Controller Data Entry (coarse): 125,2,125,B1 06 7D ,FALSE
333,54:26.7,out,Controller Data Entry (coarse): 124,2,124,B1 06 7C ,FALSE
334,54:26.7,out,Controller Data Entry (coarse): 124,2,124,B1 06 7C ,FALSE
335,54:26.7,out,Controller Data Entry (coarse): 124,2,124,B1 06 7C ,FALSE
336,54:26.7,out,Controller Data Entry (coarse): 124,2,124,B1 06 7C ,FALSE
337,54:26.7,out,Controller Data Entry (coarse): 123,2,123,B1 06 7B ,FALSE
338,54:26.7,out,Controller Data Entry (coarse): 124,2,124,B1 06 7C ,FALSE
339,54:26.7,out,Controller Data Entry (coarse): 123,2,123,B1 06 7B ,FALSE
340,54:26.7,out,Controller Data Entry (coarse): 123,2,123,B1 06 7B ,FALSE
341,54:26.7,out,Controller Data Entry (coarse): 123,2,123,B1 06 7B ,FALSE
342,54:26.7,out,Controller Data Entry (coarse): 123,2,123,B1 06 7B ,FALSE
343,54:26.7,out,Controller Data Entry (coarse): 122,2,122,B1 06 7A ,FALSE
344,54:26.7,out,Controller Data Entry (coarse): 122,2,122,B1 06 7A ,FALSE
345,54:26.7,out,Controller Data Entry (coarse): 122,2,122,B1 06 7A ,FALSE
346,54:26.7,out,Controller Data Entry (coarse): 121,2,121,B1 06 79 ,FALSE
347,54:26.7,out,Controller Data Entry (coarse): 121,2,121,B1 06 79 ,FALSE
348,54:26.7,out,Controller Data Entry (coarse): 121,2,121,B1 06 79 ,FALSE
349,54:26.7,out,Controller Data Entry (coarse): 121,2,121,B1 06 79 ,FALSE
350,54:26.7,out,Controller Data Entry (coarse): 120,2,120,B1 06 78 ,FALSE
351,54:26.7,out,Controller Data Entry (coarse): 120,2,120,B1 06 78 ,FALSE
352,54:26.7,out,Controller Data Entry (coarse): 121,2,121,B1 06 79 ,FALSE
353,54:26.7,out,Controller Data Entry (coarse): 119,2,119,B1 06 77 ,FALSE
354,54:26.7,out,Controller Data Entry (coarse): 120,2,120,B1 06 78 ,FALSE
355,54:26.8,out,Controller Data Entry (coarse): 119,2,119,B1 06 77 ,FALSE
356,54:26.8,out,Controller Data Entry (coarse): 119,2,119,B1 06 77 ,FALSE
357,54:26.8,out,Controller Data Entry (coarse): 118,2,118,B1 06 76 ,FALSE
358,54:26.8,out,Controller Data Entry (coarse): 119,2,119,B1 06 77 ,FALSE
359,54:26.8,out,Controller Data Entry (coarse): 118,2,118,B1 06 76 ,FALSE
360,54:26.8,out,Controller Data Entry (coarse): 118,2,118,B1 06 76 ,FALSE
361,54:26.8,out,Controller Data Entry (coarse): 117,2,117,B1 06 75 ,FALSE
362,54:26.8,out,Controller Data Entry (coarse): 118,2,118,B1 06 76 ,FALSE
363,54:26.8,out,Controller Data Entry (coarse): 117,2,117,B1 06 75 ,FALSE
364,54:26.8,out,Controller Data Entry (coarse): 116,2,116,B1 06 74 ,FALSE
365,54:26.8,out,Controller Data Entry (coarse): 117,2,117,B1 06 75 ,FALSE
366,54:26.8,out,Controller Data Entry (coarse): 118,2,118,B1 06 76 ,FALSE
367,54:26.8,out,Controller Data Entry (coarse): 117,2,117,B1 06 75 ,FALSE
368,54:26.8,out,Controller Data Entry (coarse): 117,2,117,B1 06 75 ,FALSE
369,54:26.8,out,Controller Data Entry (coarse): 117,2,117,B1 06 75 ,FALSE
370,54:26.8,out,Controller Data Entry (coarse): 117,2,117,B1 06 75 ,FALSE
371,54:26.8,out,Controller Data Entry (coarse): 118,2,118,B1 06 76 ,FALSE
372,54:26.8,out,Controller Data Entry (coarse): 118,2,118,B1 06 76 ,FALSE
373,54:26.8,out,Controller Data Entry (coarse): 118,2,118,B1 06 76 ,FALSE
374,54:26.8,out,Controller Data Entry (coarse): 118,2,118,B1 06 76 ,FALSE
375,54:26.8,out,Controller Data Entry (coarse): 118,2,118,B1 06 76 ,FALSE
376,54:26.8,out,Controller Data Entry (coarse): 118,2,118,B1 06 76 ,FALSE
377,54:26.8,out,Controller Data Entry (coarse): 118,2,118,B1 06 76 ,FALSE
378,54:26.8,out,Controller Data Entry (coarse): 119,2,119,B1 06 77 ,FALSE
379,54:26.8,out,Controller Data Entry (coarse): 119,2,119,B1 06 77 ,FALSE
380,54:26.8,out,Controller Data Entry (coarse): 118,2,118,B1 06 76 ,FALSE
381,54:26.8,out,Controller Data Entry (coarse): 119,2,119,B1 06 77 ,FALSE
382,54:26.8,out,Controller Data Entry (coarse): 119,2,119,B1 06 77 ,FALSE
383,54:26.8,out,Controller Data Entry (coarse): 119,2,119,B1 06 77 ,FALSE
384,54:26.8,out,Controller Data Entry (coarse): 119,2,119,B1 06 77 ,FALSE
385,54:26.8,out,Controller Data Entry (coarse): 120,2,120,B1 06 78 ,FALSE
386,54:26.8,out,Controller Data Entry (coarse): 119,2,119,B1 06 77 ,FALSE
387,54:26.9,out,Controller Data Entry (coarse): 119,2,119,B1 06 77 ,FALSE
388,54:26.9,out,Controller Data Entry (coarse): 120,2,120,B1 06 78 ,FALSE
389,54:26.9,out,Controller Data Entry (coarse): 120,2,120,B1 06 78 ,FALSE
390,54:26.9,out,Controller Data Entry (coarse): 119,2,119,B1 06 77 ,FALSE
391,54:26.9,out,Controller Data Entry (coarse): 120,2,120,B1 06 78 ,FALSE
392,54:26.9,out,Controller Data Entry (coarse): 119,2,119,B1 06 77 ,FALSE
393,54:26.9,out,Controller Data Entry (coarse): 121,2,121,B1 06 79 ,FALSE
394,54:26.9,out,Controller Data Entry (coarse): 119,2,119,B1 06 77 ,FALSE
395,54:26.9,out,Controller Data Entry (coarse): 122,2,122,B1 06 7A ,FALSE
396,54:26.9,out,Controller Data Entry (coarse): 120,2,120,B1 06 78 ,FALSE
397,54:26.9,out,Controller Data Entry (coarse): 120,2,120,B1 06 78 ,FALSE
398,54:26.9,out,Controller Data Entry (coarse): 121,2,121,B1 06 79 ,FALSE
399,54:26.9,out,Controller Data Entry (coarse): 121,2,121,B1 06 79 ,FALSE
400,54:26.9,out,Controller Data Entry (coarse): 120,2,120,B1 06 78 ,FALSE
401,54:26.9,out,Controller Data Entry (coarse): 121,2,121,B1 06 79 ,FALSE
402,54:26.9,out,Controller Data Entry (coarse): 121,2,121,B1 06 79 ,FALSE
403,54:26.9,out,Controller Data Entry (coarse): 121,2,121,B1 06 79 ,FALSE
404,54:26.9,out,Controller Data Entry (coarse): 121,2,121,B1 06 79 ,FALSE
405,54:26.9,out,Controller Data Entry (coarse): 122,2,122,B1 06 7A ,FALSE
406,54:26.9,out,Controller Data Entry (coarse): 121,2,121,B1 06 79 ,FALSE
407,54:26.9,out,Controller Data Entry (coarse): 121,2,121,B1 06 79 ,FALSE
408,54:26.9,out,Controller Data Entry (coarse): 122,2,122,B1 06 7A ,FALSE
409,54:26.9,out,Controller Data Entry (coarse): 121,2,121,B1 06 79 ,FALSE
410,54:26.9,out,Controller Data Entry (coarse): 122,2,122,B1 06 7A ,FALSE
411,54:26.9,out,Controller Data Entry (coarse): 122,2,122,B1 06 7A ,FALSE
412,54:26.9,out,Controller Data Entry (coarse): 121,2,121,B1 06 79 ,FALSE
413,54:26.9,out,Controller Data Entry (coarse): 122,2,122,B1 06 7A ,FALSE
414,54:26.9,out,Controller Data Entry (coarse): 122,2,122,B1 06 7A ,FALSE
415,54:26.9,out,Controller Data Entry (coarse): 123,2,123,B1 06 7B ,FALSE
416,54:26.9,out,Controller Data Entry (coarse): 122,2,122,B1 06 7A ,FALSE
417,54:26.9,out,Controller Data Entry (coarse): 122,2,122,B1 06 7A ,FALSE
418,54:26.9,out,Controller Data Entry (coarse): 123,2,123,B1 06 7B ,FALSE
419,54:26.9,out,Controller Data Entry (coarse): 122,2,122,B1 06 7A ,FALSE
420,54:27.0,out,Controller Data Entry (coarse): 122,2,122,B1 06 7A ,FALSE
421,54:27.0,out,Controller Data Entry (coarse): 123,2,123,B1 06 7B ,FALSE
422,54:27.0,out,Controller Data Entry (coarse): 123,2,123,B1 06 7B ,FALSE
423,54:27.0,out,Controller Data Entry (coarse): 123,2,123,B1 06 7B ,FALSE
424,54:27.0,out,Controller Data Entry (coarse): 123,2,123,B1 06 7B ,FALSE
425,54:27.0,out,Controller Data Entry (coarse): 123,2,123,B1 06 7B ,FALSE
426,54:27.0,out,Controller Data Entry (coarse): 123,2,123,B1 06 7B ,FALSE
427,54:27.0,out,Controller Data Entry (coarse): 123,2,123,B1 06 7B ,FALSE
428,54:27.0,out,Controller Data Entry (coarse): 123,2,123,B1 06 7B ,FALSE
429,54:27.0,out,Controller Data Entry (coarse): 124,2,124,B1 06 7C ,FALSE
430,54:27.0,out,Controller Data Entry (coarse): 123,2,123,B1 06 7B ,FALSE
431,54:27.0,out,Controller Data Entry (coarse): 123,2,123,B1 06 7B ,FALSE
432,54:27.0,out,Controller Data Entry (coarse): 124,2,124,B1 06 7C ,FALSE
433,54:27.0,out,Controller Data Entry (coarse): 124,2,124,B1 06 7C ,FALSE
434,54:27.0,out,Controller Data Entry (coarse): 124,2,124,B1 06 7C ,FALSE
435,54:27.0,out,Controller Data Entry (coarse): 123,2,123,B1 06 7B ,FALSE
436,54:27.0,out,Controller Data Entry (coarse): 124,2,124,B1 06 7C ,FALSE
437,54:27.0,out,Controller Data Entry (coarse): 124,2,124,B1 06 7C ,FALSE
438,54:27.0,out,Controller Data Entry (coarse): 124,2,124,B1 06 7C ,FALSE
439,54:27.0,out,Controller Data Entry (coarse): 124,2,124,B1 06 7C ,FALSE
440,54:27.0,out,Controller Data Entry (coarse): 124,2,124,B1 06 7C ,FALSE
441,54:27.0,out,Controller Data Entry (coarse): 125,2,125,B1 06 7D ,FALSE
442,54:27.0,out,Controller Data Entry (coarse): 124,2,124,B1 06 7C ,FALSE
443,54:27.0,out,Controller Data Entry (coarse): 124,2,124,B1 06 7C ,FALSE
444,54:27.0,out,Controller Data Entry (coarse): 124,2,124,B1 06 7C ,FALSE
445,54:27.0,out,Controller Data Entry (coarse): 125,2,125,B1 06 7D ,FALSE
446,54:27.0,out,Controller Data Entry (coarse): 125,2,125,B1 06 7D ,FALSE
447,54:27.0,out,Controller Data Entry (coarse): 124,2,124,B1 06 7C ,FALSE
448,54:27.0,out,Controller Data Entry (coarse): 125,2,125,B1 06 7D ,FALSE
449,54:27.0,out,Controller Data Entry (coarse): 125,2,125,B1 06 7D ,FALSE
450,54:27.0,out,Controller Data Entry (coarse): 124,2,124,B1 06 7C ,FALSE
451,54:27.0,out,Controller Data Entry (coarse): 125,2,125,B1 06 7D ,FALSE
452,54:27.1,out,Controller Data Entry (coarse): 125,2,125,B1 06 7D ,FALSE
453,54:27.1,out,Controller Data Entry (coarse): 125,2,125,B1 06 7D ,FALSE
454,54:27.1,out,Controller Data Entry (coarse): 125,2,125,B1 06 7D ,FALSE
455,54:27.1,out,Controller Data Entry (coarse): 126,2,126,B1 06 7E ,FALSE
456,54:27.1,out,Controller Data Entry (coarse): 124,2,124,B1 06 7C ,FALSE
457,54:27.1,out,Controller Data Entry (coarse): 126,2,126,B1 06 7E ,FALSE
458,54:27.1,out,Controller Data Entry (coarse): 125,2,125,B1 06 7D ,FALSE
459,54:27.1,out,Controller Data Entry (coarse): 125,2,125,B1 06 7D ,FALSE
460,54:27.1,out,Controller Data Entry (coarse): 126,2,126,B1 06 7E ,FALSE
461,54:27.1,out,Controller Data Entry (coarse): 125,2,125,B1 06 7D ,FALSE
462,54:27.1,out,Controller Data Entry (coarse): 125,2,125,B1 06 7D ,FALSE
463,54:27.1,out,Controller Data Entry (coarse): 126,2,126,B1 06 7E ,FALSE
464,54:27.1,out,Controller Data Entry (coarse): 126,2,126,B1 06 7E ,FALSE
465,54:27.1,out,Controller Data Entry (coarse): 125,2,125,B1 06 7D ,FALSE
466,54:27.1,out,Controller Data Entry (coarse): 125,2,125,B1 06 7D ,FALSE
467,54:27.1,out,Controller Data Entry (coarse): 126,2,126,B1 06 7E ,FALSE
468,54:27.1,out,Controller Data Entry (coarse): 126,2,126,B1 06 7E ,FALSE
469,54:27.1,out,Controller Data Entry (coarse): 126,2,126,B1 06 7E ,FALSE
470,54:27.1,out,Controller Data Entry (coarse): 126,2,126,B1 06 7E ,FALSE
471,54:27.1,out,Controller Data Entry (coarse): 126,2,126,B1 06 7E ,FALSE
472,54:27.1,out,Controller Data Entry (coarse): 125,2,125,B1 06 7D ,FALSE
473,54:27.1,out,Controller Data Entry (coarse): 126,2,126,B1 06 7E ,FALSE
474,54:27.1,out,Controller Data Entry (coarse): 126,2,126,B1 06 7E ,FALSE
475,54:27.1,out,Controller Data Entry (coarse): 126,2,126,B1 06 7E ,FALSE
476,54:27.1,out,Controller Data Entry (coarse): 126,2,126,B1 06 7E ,FALSE
477,54:27.1,out,Controller Data Entry (coarse): 127,2,127,B1 06 7F ,FALSE
478,54:27.1,out,Controller Data Entry (coarse): 126,2,126,B1 06 7E ,FALSE
479,54:27.1,out,Controller Data Entry (coarse): 126,2,126,B1 06 7E ,FALSE
480,54:27.1,out,Controller Data Entry (coarse): 126,2,126,B1 06 7E ,FALSE
481,54:27.1,out,Controller Data Entry (coarse): 126,2,126,B1 06 7E ,FALSE
482,54:27.1,out,Controller Data Entry (coarse): 126,2,126,B1 06 7E ,FALSE
483,54:27.1,out,Controller Data Entry (coarse): 127,2,127,B1 06 7F ,FALSE
484,54:27.1,out,Controller Data Entry (coarse): 126,2,126,B1 06 7E ,FALSE
485,54:27.2,out,Controller Data Entry (coarse): 127,2,127,B1 06 7F ,FALSE
486,54:27.2,out,Controller Data Entry (coarse): 126,2,126,B1 06 7E ,FALSE
487,54:27.2,out,Controller Data Entry (coarse): 126,2,126,B1 06 7E ,FALSE
488,54:27.2,out,Controller Data Entry (coarse): 126,2,126,B1 06 7E ,FALSE
489,54:27.2,out,Controller Data Entry (coarse): 127,2,127,B1 06 7F ,FALSE
490,54:27.2,out,Controller Data Entry (coarse): 127,2,127,B1 06 7F ,FALSE
491,54:27.2,out,Controller Data Entry (coarse): 126,2,126,B1 06 7E ,FALSE
492,54:27.2,out,Controller Data Entry (coarse): 127,2,127,B1 06 7F ,FALSE
493,54:27.2,out,Controller Data Entry (coarse): 127,2,127,B1 06 7F ,FALSE
494,54:27.2,out,Controller Data Entry (coarse): 126,2,126,B1 06 7E ,FALSE
495,54:27.2,out,Controller Data Entry (coarse): 126,2,126,B1 06 7E ,FALSE
496,54:27.2,out,Controller Data Entry (coarse): 126,2,126,B1 06 7E ,FALSE
497,54:27.2,out,Controller Data Entry (coarse): 127,2,127,B1 06 7F ,FALSE
498,54:27.2,out,Controller Data Entry (coarse): 127,2,127,B1 06 7F ,FALSE
499,54:27.2,out,Controller Data Entry (coarse): 126,2,126,B1 06 7E ,FALSE
500,54:27.2,out,Controller Data Entry (coarse): 127,2,127,B1 06 7F ,FALSE
501,54:27.2,out,Controller Data Entry (coarse): 127,2,127,B1 06 7F ,FALSE
502,54:27.2,out,Controller Data Entry (coarse): 127,2,127,B1 06 7F ,FALSE
503,54:27.2,out,Controller Data Entry (coarse): 127,2,127,B1 06 7F ,FALSE
504,54:27.2,out,Controller Data Entry (coarse): 127,2,127,B1 06 7F ,FALSE
505,54:27.2,out,Controller Data Entry (coarse): 127,2,127,B1 06 7F ,FALSE
506,54:27.2,out,Controller Data Entry (coarse): 127,2,127,B1 06 7F ,FALSE
507,54:27.2,out,Controller Data Entry (coarse): 127,2,127,B1 06 7F ,FALSE
508,54:27.2,out,Controller Data Entry (coarse): 126,2,126,B1 06 7E ,FALSE
509,54:27.2,out,Controller Data Entry (coarse): 126,2,126,B1 06 7E ,FALSE
510,54:27.2,out,Controller Data Entry (coarse): 126,2,126,B1 06 7E ,FALSE
511,54:27.2,out,Controller Data Entry (coarse): 127,2,127,B1 06 7F ,FALSE
512,54:27.2,out,Controller Data Entry (coarse): 127,2,127,B1 06 7F ,FALSE
513,54:27.2,out,Note on F#-2 Velocity 127,2,127,91 06 7F ,FALSE
514,54:27.2,out,Controller Data Entry (coarse): 126,2,126,B1 06 7E ,FALSE
515,54:27.3,out,Controller Data Entry (coarse): 126,2,126,B1 06 7E ,FALSE
516,54:27.3,out,Controller Data Entry (coarse): 126,2,126,B1 06 7E ,FALSE
517,54:27.3,out,Controller Data Entry (coarse): 127,2,127,B1 06 7F ,FALSE
518,54:27.3,out,Controller Data Entry (coarse): 126,2,126,B1 06 7E ,FALSE
519,54:27.3,out,Controller Data Entry (coarse): 127,2,127,B1 06 7F ,FALSE
520,54:27.3,out,Controller Data Entry (coarse): 126,2,126,B1 06 7E ,FALSE
521,54:27.3,out,Controller Data Entry (coarse): 126,2,126,B1 06 7E ,FALSE
522,54:27.3,out,Controller Data Entry (coarse): 126,2,126,B1 06 7E ,FALSE
523,54:27.3,out,Controller Data Entry (coarse): 126,2,126,B1 06 7E ,FALSE
524,54:27.3,out,Controller Data Entry (coarse): 126,2,126,B1 06 7E ,FALSE
525,54:27.3,out,Controller Data Entry (coarse): 126,2,126,B1 06 7E ,FALSE
526,54:27.3,out,Controller Data Entry (coarse): 126,2,126,B1 06 7E ,FALSE
527,54:27.3,out,Controller Data Entry (coarse): 125,2,125,B1 06 7D ,FALSE
528,54:27.3,out,Controller Data Entry (coarse): 126,2,126,B1 06 7E ,FALSE
529,54:27.3,out,Controller Data Entry (coarse): 126,2,126,B1 06 7E ,FALSE
530,54:27.3,out,Controller Data Entry (coarse): 126,2,126,B1 06 7E ,FALSE
531,54:27.3,out,Controller Data Entry (coarse): 126,2,126,B1 06 7E ,FALSE
532,54:27.3,out,Controller Data Entry (coarse): 126,2,126,B1 06 7E ,FALSE
533,54:27.3,out,Controller Data Entry (coarse): 126,2,126,B1 06 7E ,FALSE
534,54:27.3,out,Controller Data Entry (coarse): 126,2,126,B1 06 7E ,FALSE
535,54:27.3,out,Controller Data Entry (coarse): 127,2,127,B1 06 7F ,FALSE
536,54:27.3,out,Controller Data Entry (coarse): 126,2,126,B1 06 7E ,FALSE
537,54:27.3,out,Controller Data Entry (coarse): 126,2,126,B1 06 7E ,FALSE
538,54:27.3,out,Controller Data Entry (coarse): 126,2,126,B1 06 7E ,FALSE
539,54:27.3,out,Controller Data Entry (coarse): 127,2,127,B1 06 7F ,FALSE
540,54:27.3,out,Controller Data Entry (coarse): 127,2,127,B1 06 7F ,FALSE
541,54:27.3,out,Controller Data Entry (coarse): 1,2,1,B1 06 01 ,FALSE
542,54:27.3,out,Controller Data Entry (coarse): 1,2,1,B1 06 01 ,FALSE
543,54:27.4,out,Controller Data Entry (coarse): 2,2,2,B1 06 02 ,FALSE
544,54:27.4,out,Controller Data Entry (coarse): 1,2,1,B1 06 01 ,FALSE
545,54:27.4,out,Controller Data Entry (coarse): 1,2,1,B1 06 01 ,FALSE
546,54:27.4,out,Controller Data Entry (coarse): 2,2,2,B1 06 02 ,FALSE
547,54:27.4,out,Controller Data Entry (coarse): 3,2,3,B1 06 03 ,FALSE
548,54:27.4,out,Controller Data Entry (coarse): 2,2,2,B1 06 02 ,FALSE
549,54:27.4,out,Controller Data Entry (coarse): 3,2,3,B1 06 03 ,FALSE
550,54:27.4,out,Controller Data Entry (coarse): 3,2,3,B1 06 03 ,FALSE
551,54:27.4,out,Controller Data Entry (coarse): 3,2,3,B1 06 03 ,FALSE
552,54:27.4,out,Controller Data Entry (coarse): 4,2,4,B1 06 04 ,FALSE
553,54:27.4,out,Controller Data Entry (coarse): 4,2,4,B1 06 04 ,FALSE
554,54:27.4,out,Controller Data Entry (coarse): 4,2,4,B1 06 04 ,FALSE
555,54:27.4,out,Controller Data Entry (coarse): 4,2,4,B1 06 04 ,FALSE
556,54:27.4,out,Controller Data Entry (coarse): 4,2,4,B1 06 04 ,FALSE
557,54:27.4,out,Controller Data Entry (coarse): 4,2,4,B1 06 04 ,FALSE
558,54:27.4,out,Controller Data Entry (coarse): 4,2,4,B1 06 04 ,FALSE
559,54:27.4,out,Controller Data Entry (coarse): 5,2,5,B1 06 05 ,FALSE
560,54:27.4,out,Controller Data Entry (coarse): 5,2,5,B1 06 05 ,FALSE
561,54:27.4,out,Controller Data Entry (coarse): 4,2,4,B1 06 04 ,FALSE
562,54:27.4,out,Controller Data Entry (coarse): 6,2,6,B1 06 06 ,FALSE
563,54:27.4,out,Controller Data Entry (coarse): 4,2,4,B1 06 04 ,FALSE
564,54:27.4,out,Controller Data Entry (coarse): 6,2,6,B1 06 06 ,FALSE
565,54:27.4,out,Controller Data Entry (coarse): 4,2,4,B1 06 04 ,FALSE
566,54:27.4,out,Controller Data Entry (coarse): 6,2,6,B1 06 06 ,FALSE
567,54:27.4,out,Controller Data Entry (coarse): 5,2,5,B1 06 05 ,FALSE
568,54:27.4,out,Controller Data Entry (coarse): 5,2,5,B1 06 05 ,FALSE
569,54:27.4,out,Controller Data Entry (coarse): 6,2,6,B1 06 06 ,FALSE
570,54:27.4,out,Controller Data Entry (coarse): 5,2,5,B1 06 05 ,FALSE
571,54:27.4,out,Controller Data Entry (coarse): 5,2,5,B1 06 05 ,FALSE
572,54:27.4,out,Controller Data Entry (coarse): 6,2,6,B1 06 06 ,FALSE
573,54:27.4,out,Controller Data Entry (coarse): 6,2,6,B1 06 06 ,FALSE
574,54:27.4,out,Controller Data Entry (coarse): 5,2,5,B1 06 05 ,FALSE
575,54:27.5,out,Controller Data Entry (coarse): 6,2,6,B1 06 06 ,FALSE
576,54:27.5,out,Controller Data Entry (coarse): 5,2,5,B1 06 05 ,FALSE
577,54:27.5,out,Controller Data Entry (coarse): 6,2,6,B1 06 06 ,FALSE
578,54:27.5,out,Controller Data Entry (coarse): 6,2,6,B1 06 06 ,FALSE
579,54:27.5,out,Controller Data Entry (coarse): 5,2,5,B1 06 05 ,FALSE
580,54:27.5,out,Controller Data Entry (coarse): 6,2,6,B1 06 06 ,FALSE
581,54:27.5,out,Controller Data Entry (coarse): 5,2,5,B1 06 05 ,FALSE
582,54:27.5,out,Controller Data Entry (coarse): 7,2,7,B1 06 07 ,FALSE
583,54:27.5,out,Controller Data Entry (coarse): 5,2,5,B1 06 05 ,FALSE
584,54:27.5,out,Controller Data Entry (coarse): 7,2,7,B1 06 07 ,FALSE
585,54:27.5,out,Controller Data Entry (coarse): 5,2,5,B1 06 05 ,FALSE
586,54:27.5,out,Controller Data Entry (coarse): 7,2,7,B1 06 07 ,FALSE
587,54:27.5,out,Controller Data Entry (coarse): 7,2,7,B1 06 07 ,FALSE
588,54:27.5,out,Controller Data Entry (coarse): 6,2,6,B1 06 06 ,FALSE
589,54:27.5,out,Controller Data Entry (coarse): 6,2,6,B1 06 06 ,FALSE
590,54:27.5,out,Controller Data Entry (coarse): 6,2,6,B1 06 06 ,FALSE
591,54:27.5,out,Controller Data Entry (coarse): 7,2,7,B1 06 07 ,FALSE
592,54:27.5,out,Controller Data Entry (coarse): 7,2,7,B1 06 07 ,FALSE
593,54:27.5,out,Controller Data Entry (coarse): 6,2,6,B1 06 06 ,FALSE
594,54:27.5,out,Controller Data Entry (coarse): 7,2,7,B1 06 07 ,FALSE
595,54:27.5,out,Controller Data Entry (coarse): 7,2,7,B1 06 07 ,FALSE
596,54:27.5,out,Controller Data Entry (coarse): 6,2,6,B1 06 06 ,FALSE
597,54:27.5,out,Controller Data Entry (coarse): 8,2,8,B1 06 08 ,FALSE
598,54:27.5,out,Controller Data Entry (coarse): 7,2,7,B1 06 07 ,FALSE
599,54:27.5,out,Controller Data Entry (coarse): 7,2,7,B1 06 07 ,FALSE
600,54:27.5,out,Controller Data Entry (coarse): 6,2,6,B1 06 06 ,FALSE
601,54:27.5,out,Controller Data Entry (coarse): 8,2,8,B1 06 08 ,FALSE
602,54:27.5,out,Controller Data Entry (coarse): 7,2,7,B1 06 07 ,FALSE
603,54:27.5,out,Controller Data Entry (coarse): 7,2,7,B1 06 07 ,FALSE
604,54:27.5,out,Controller Data Entry (coarse): 6,2,6,B1 06 06 ,FALSE
605,54:27.5,out,Controller Data Entry (coarse): 7,2,7,B1 06 07 ,FALSE
606,54:27.5,out,Controller Data Entry (coarse): 7,2,7,B1 06 07 ,FALSE
607,54:27.6,out,Controller Data Entry (coarse): 7,2,7,B1 06 07 ,FALSE
608,54:27.6,out,Controller Data Entry (coarse): 7,2,7,B1 06 07 ,FALSE
609,54:27.6,out,Controller Data Entry (coarse): 6,2,6,B1 06 06 ,FALSE
610,54:27.6,out,Controller Data Entry (coarse): 6,2,6,B1 06 06 ,FALSE
611,54:27.6,out,Controller Data Entry (coarse): 6,2,6,B1 06 06 ,FALSE
612,54:27.6,out,Controller Data Entry (coarse): 6,2,6,B1 06 06 ,FALSE
613,54:27.6,out,Controller Data Entry (coarse): 6,2,6,B1 06 06 ,FALSE
614,54:27.6,out,Controller Data Entry (coarse): 6,2,6,B1 06 06 ,FALSE
615,54:27.6,out,Controller Data Entry (coarse): 6,2,6,B1 06 06 ,FALSE
616,54:27.6,out,Controller Data Entry (coarse): 5,2,5,B1 06 05 ,FALSE
617,54:27.6,out,Controller Data Entry (coarse): 5,2,5,B1 06 05 ,FALSE
618,54:27.6,out,Controller Data Entry (coarse): 6,2,6,B1 06 06 ,FALSE
619,54:27.6,out,Controller Data Entry (coarse): 5,2,5,B1 06 05 ,FALSE
620,54:27.6,out,Controller Data Entry (coarse): 5,2,5,B1 06 05 ,FALSE
621,54:27.6,out,Controller Data Entry (coarse): 4,2,4,B1 06 04 ,FALSE
622,54:27.6,out,Controller Data Entry (coarse): 6,2,6,B1 06 06 ,FALSE
623,54:27.6,out,Controller Data Entry (coarse): 4,2,4,B1 06 04 ,FALSE
624,54:27.6,out,Controller Data Entry (coarse): 4,2,4,B1 06 04 ,FALSE
625,54:27.6,out,Controller Data Entry (coarse): 4,2,4,B1 06 04 ,FALSE
626,54:27.6,out,Controller Data Entry (coarse): 4,2,4,B1 06 04 ,FALSE
627,54:27.6,out,Controller Data Entry (coarse): 4,2,4,B1 06 04 ,FALSE
628,54:27.6,out,Controller Data Entry (coarse): 4,2,4,B1 06 04 ,FALSE
629,54:27.6,out,Controller Data Entry (coarse): 4,2,4,B1 06 04 ,FALSE
630,54:27.6,out,Controller Data Entry (coarse): 4,2,4,B1 06 04 ,FALSE
631,54:27.6,out,Controller Data Entry (coarse): 3,2,3,B1 06 03 ,FALSE
632,54:27.6,out,Controller Data Entry (coarse): 3,2,3,B1 06 03 ,FALSE
633,54:27.6,out,Controller Data Entry (coarse): 4,2,4,B1 06 04 ,FALSE
634,54:27.6,out,Controller Data Entry (coarse): 3,2,3,B1 06 03 ,FALSE
635,54:27.6,out,Controller Data Entry (coarse): 4,2,4,B1 06 04 ,FALSE
636,54:27.6,out,Controller Data Entry (coarse): 3,2,3,B1 06 03 ,FALSE
637,54:27.6,out,Controller Data Entry (coarse): 4,2,4,B1 06 04 ,FALSE
638,54:27.6,out,Controller Data Entry (coarse): 3,2,3,B1 06 03 ,FALSE
639,54:27.6,out,Controller Data Entry (coarse): 3,2,3,B1 06 03 ,FALSE
640,54:27.7,out,Controller Data Entry (coarse): 4,2,4,B1 06 04 ,FALSE
641,54:27.7,out,Controller Data Entry (coarse): 5,2,5,B1 06 05 ,FALSE
642,54:27.7,out,Controller Data Entry (coarse): 5,2,5,B1 06 05 ,FALSE
643,54:27.7,out,Controller Data Entry (coarse): 4,2,4,B1 06 04 ,FALSE
644,54:27.7,out,Controller Data Entry (coarse): 6,2,6,B1 06 06 ,FALSE
645,54:27.7,out,Controller Data Entry (coarse): 6,2,6,B1 06 06 ,FALSE
646,54:27.7,out,Controller Data Entry (coarse): 6,2,6,B1 06 06 ,FALSE
647,54:27.7,out,Controller Data Entry (coarse): 7,2,7,B1 06 07 ,FALSE
648,54:27.7,out,Controller Data Entry (coarse): 7,2,7,B1 06 07 ,FALSE
649,54:27.7,out,Controller Data Entry (coarse): 8,2,8,B1 06 08 ,FALSE
650,54:27.7,out,Controller Data Entry (coarse): 9,2,9,B1 06 09 ,FALSE
651,54:27.7,out,Controller Data Entry (coarse): 8,2,8,B1 06 08 ,FALSE
652,54:27.7,out,Controller Data Entry (coarse): 9,2,9,B1 06 09 ,FALSE
653,54:27.7,out,Controller Data Entry (coarse): 8,2,8,B1 06 08 ,FALSE
654,54:27.7,out,Controller Data Entry (coarse): 10,2,10,B1 06 0A ,FALSE
655,54:27.7,out,Controller Data Entry (coarse): 8,2,8,B1 06 08 ,FALSE
656,54:27.7,out,Controller Data Entry (coarse): 9,2,9,B1 06 09 ,FALSE
657,54:27.7,out,Controller Data Entry (coarse): 9,2,9,B1 06 09 ,FALSE
658,54:27.7,out,Controller Data Entry (coarse): 8,2,8,B1 06 08 ,FALSE
659,54:27.7,out,Controller Data Entry (coarse): 9,2,9,B1 06 09 ,FALSE
660,54:27.7,out,Controller Data Entry (coarse): 9,2,9,B1 06 09 ,FALSE
661,54:27.7,out,Controller Data Entry (coarse): 8,2,8,B1 06 08 ,FALSE
662,54:27.7,out,Controller Data Entry (coarse): 8,2,8,B1 06 08 ,FALSE
663,54:27.7,out,Controller Data Entry (coarse): 8,2,8,B1 06 08 ,FALSE
664,54:27.7,out,Note off F#-2 Velocity 0,2,0,91 06 00 ,FALSE
665,54:27.7,out,Controller Data Entry (coarse): 8,2,8,B1 06 08 ,FALSE
666,54:27.7,out,Controller Data Entry (coarse): 8,2,8,B1 06 08 ,FALSE
667,54:27.7,out,Controller Data Entry (coarse): 7,2,7,B1 06 07 ,FALSE
668,54:27.7,out,Controller Data Entry (coarse): 7,2,7,B1 06 07 ,FALSE
669,54:27.7,out,Controller Data Entry (coarse): 8,2,8,B1 06 08 ,FALSE
670,54:27.7,out,Controller Data Entry (coarse): 7,2,7,B1 06 07 ,FALSE
671,54:27.7,out,Controller Data Entry (coarse): 8,2,8,B1 06 08 ,FALSE
672,54:27.7,out,Controller Data Entry (coarse): 7,2,7,B1 06 07 ,FALSE
673,54:27.8,out,Controller Data Entry (coarse): 7,2,7,B1 06 07 ,FALSE
674,54:27.8,out,Controller Data Entry (coarse): 7,2,7,B1 06 07 ,FALSE
675,54:27.8,out,Controller Data Entry (coarse): 7,2,7,B1 06 07 ,FALSE
676,54:27.8,out,Controller Data Entry (coarse): 7,2,7,B1 06 07 ,FALSE
677,54:27.8,out,Controller Data Entry (coarse): 6,2,6,B1 06 06 ,FALSE
678,54:27.8,out,Controller Data Entry (coarse): 6,2,6,B1 06 06 ,FALSE
679,54:27.8,out,Controller Data Entry (coarse): 6,2,6,B1 06 06 ,FALSE
680,54:27.8,out,Controller Data Entry (coarse): 7,2,7,B1 06 07 ,FALSE
681,54:27.8,out,Controller Data Entry (coarse): 7,2,7,B1 06 07 ,FALSE
682,54:27.8,out,Controller Data Entry (coarse): 6,2,6,B1 06 06 ,FALSE
683,54:27.8,out,Controller Data Entry (coarse): 6,2,6,B1 06 06 ,FALSE
684,54:27.8,out,Controller Data Entry (coarse): 6,2,6,B1 06 06 ,FALSE
685,54:27.8,out,Controller Data Entry (coarse): 6,2,6,B1 06 06 ,FALSE
686,54:27.8,out,Controller Data Entry (coarse): 5,2,5,B1 06 05 ,FALSE
687,54:27.8,out,Controller Data Entry (coarse): 6,2,6,B1 06 06 ,FALSE
688,54:27.8,out,Controller Data Entry (coarse): 5,2,5,B1 06 05 ,FALSE
689,54:27.8,out,Controller Data Entry (coarse): 6,2,6,B1 06 06 ,FALSE
690,54:27.8,out,Controller Data Entry (coarse): 6,2,6,B1 06 06 ,FALSE
691,54:27.8,out,Controller Data Entry (coarse): 4,2,4,B1 06 04 ,FALSE
692,54:27.8,out,Controller Data Entry (coarse): 6,2,6,B1 06 06 ,FALSE
693,54:27.8,out,Controller Data Entry (coarse): 5,2,5,B1 06 05 ,FALSE
694,54:27.8,out,Controller Data Entry (coarse): 5,2,5,B1 06 05 ,FALSE
695,54:27.8,out,Controller Data Entry (coarse): 5,2,5,B1 06 05 ,FALSE
696,54:27.8,out,Controller Data Entry (coarse): 5,2,5,B1 06 05 ,FALSE
697,54:27.8,out,Controller Data Entry (coarse): 5,2,5,B1 06 05 ,FALSE
698,54:27.8,out,Controller Data Entry (coarse): 5,2,5,B1 06 05 ,FALSE
699,54:27.8,out,Controller Data Entry (coarse): 4,2,4,B1 06 04 ,FALSE
700,54:27.8,out,Controller Data Entry (coarse): 5,2,5,B1 06 05 ,FALSE
701,54:27.8,out,Controller Data Entry (coarse): 4,2,4,B1 06 04 ,FALSE
702,54:27.8,out,Controller Data Entry (coarse): 5,2,5,B1 06 05 ,FALSE
703,54:27.8,out,Controller Data Entry (coarse): 4,2,4,B1 06 04 ,FALSE
704,54:27.8,out,Controller Data Entry (coarse): 4,2,4,B1 06 04 ,FALSE
705,54:27.8,out,Controller Data Entry (coarse): 4,2,4,B1 06 04 ,FALSE
706,54:27.9,out,Controller Data Entry (coarse): 4,2,4,B1 06 04 ,FALSE
707,54:27.9,out,Controller Data Entry (coarse): 4,2,4,B1 06 04 ,FALSE
708,54:27.9,out,Controller Data Entry (coarse): 5,2,5,B1 06 05 ,FALSE
709,54:27.9,out,Controller Data Entry (coarse): 4,2,4,B1 06 04 ,FALSE
710,54:27.9,out,Controller Data Entry (coarse): 4,2,4,B1 06 04 ,FALSE
711,54:27.9,out,Controller Data Entry (coarse): 3,2,3,B1 06 03 ,FALSE
712,54:27.9,out,Controller Data Entry (coarse): 4,2,4,B1 06 04 ,FALSE
713,54:27.9,out,Controller Data Entry (coarse): 4,2,4,B1 06 04 ,FALSE
714,54:27.9,out,Controller Data Entry (coarse): 4,2,4,B1 06 04 ,FALSE
715,54:27.9,out,Controller Data Entry (coarse): 4,2,4,B1 06 04 ,FALSE
716,54:27.9,out,Controller Data Entry (coarse): 3,2,3,B1 06 03 ,FALSE
717,54:27.9,out,Controller Data Entry (coarse): 3,2,3,B1 06 03 ,FALSE
718,54:27.9,out,Controller Data Entry (coarse): 4,2,4,B1 06 04 ,FALSE
719,54:27.9,out,Controller Data Entry (coarse): 4,2,4,B1 06 04 ,FALSE
720,54:27.9,out,Controller Data Entry (coarse): 2,2,2,B1 06 02 ,FALSE
721,54:27.9,out,Controller Data Entry (coarse): 4,2,4,B1 06 04 ,FALSE
722,54:27.9,out,Controller Data Entry (coarse): 3,2,3,B1 06 03 ,FALSE
723,54:27.9,out,Controller Data Entry (coarse): 3,2,3,B1 06 03 ,FALSE
724,54:27.9,out,Controller Data Entry (coarse): 4,2,4,B1 06 04 ,FALSE
725,54:27.9,out,Controller Data Entry (coarse): 2,2,2,B1 06 02 ,FALSE
726,54:27.9,out,Controller Data Entry (coarse): 3,2,3,B1 06 03 ,FALSE
727,54:27.9,out,Controller Data Entry (coarse): 3,2,3,B1 06 03 ,FALSE
728,54:27.9,out,Controller Data Entry (coarse): 2,2,2,B1 06 02 ,FALSE
729,54:27.9,out,Controller Data Entry (coarse): 4,2,4,B1 06 04 ,FALSE
730,54:27.9,out,Controller Data Entry (coarse): 2,2,2,B1 06 02 ,FALSE
731,54:27.9,out,Controller Data Entry (coarse): 3,2,3,B1 06 03 ,FALSE
732,54:27.9,out,Controller Data Entry (coarse): 3,2,3,B1 06 03 ,FALSE
733,54:27.9,out,Controller Data Entry (coarse): 2,2,2,B1 06 02 ,FALSE
734,54:27.9,out,Controller Data Entry (coarse): 2,2,2,B1 06 02 ,FALSE
735,54:27.9,out,Controller Data Entry (coarse): 3,2,3,B1 06 03 ,FALSE
736,54:27.9,out,Controller Data Entry (coarse): 3,2,3,B1 06 03 ,FALSE
737,54:27.9,out,Controller Data Entry (coarse): 2,2,2,B1 06 02 ,FALSE
738,54:28.0,out,Controller Data Entry (coarse): 2,2,2,B1 06 02 ,FALSE
739,54:28.0,out,Controller Data Entry (coarse): 2,2,2,B1 06 02 ,FALSE
740,54:28.0,out,Controller Data Entry (coarse): 2,2,2,B1 06 02 ,FALSE
741,54:28.0,out,Controller Data Entry (coarse): 2,2,2,B1 06 02 ,FALSE
742,54:28.0,out,Controller Data Entry (coarse): 2,2,2,B1 06 02 ,FALSE
743,54:28.0,out,Controller Data Entry (coarse): 2,2,2,B1 06 02 ,FALSE
744,54:28.0,out,Controller Data Entry (coarse): 2,2,2,B1 06 02 ,FALSE
745,54:28.0,out,Controller Data Entry (coarse): 2,2,2,B1 06 02 ,FALSE
746,54:28.0,out,Controller Data Entry (coarse): 1,2,1,B1 06 01 ,FALSE
747,54:28.0,out,Controller Data Entry (coarse): 2,2,2,B1 06 02 ,FALSE
748,54:28.0,out,Controller Data Entry (coarse): 1,2,1,B1 06 01 ,FALSE
749,54:28.0,out,Controller Data Entry (coarse): 2,2,2,B1 06 02 ,FALSE
750,54:28.0,out,Controller Data Entry (coarse): 2,2,2,B1 06 02 ,FALSE
751,54:28.0,out,Controller Data Entry (coarse): 1,2,1,B1 06 01 ,FALSE
752,54:28.0,out,Controller Data Entry (coarse): 2,2,2,B1 06 02 ,FALSE
753,54:28.0,out,Controller Data Entry (coarse): 1,2,1,B1 06 01 ,FALSE
754,54:28.0,out,Controller Data Entry (coarse): 2,2,2,B1 06 02 ,FALSE
755,54:28.0,out,Controller Data Entry (coarse): 1,2,1,B1 06 01 ,FALSE
756,54:28.0,out,Controller Data Entry (coarse): 1,2,1,B1 06 01 ,FALSE
757,54:28.0,out,Controller Data Entry (coarse): 2,2,2,B1 06 02 ,FALSE
758,54:28.0,out,Controller Data Entry (coarse): 1,2,1,B1 06 01 ,FALSE
759,54:28.0,out,Controller Data Entry (coarse): 1,2,1,B1 06 01 ,FALSE
760,54:28.0,out,Controller Data Entry (coarse): 2,2,2,B1 06 02 ,FALSE
761,54:28.0,out,Controller Data Entry (coarse): 2,2,2,B1 06 02 ,FALSE
762,54:28.0,out,Controller Data Entry (coarse): 1,2,1,B1 06 01 ,FALSE
763,54:28.0,out,Controller Data Entry (coarse): 1,2,1,B1 06 01 ,FALSE
764,54:28.0,out,Controller Data Entry (coarse): 1,2,1,B1 06 01 ,FALSE
765,54:28.0,out,Controller Data Entry (coarse): 1,2,1,B1 06 01 ,FALSE
766,54:28.0,out,Controller Data Entry (coarse): 2,2,2,B1 06 02 ,FALSE
767,54:28.0,out,Controller Data Entry (coarse): 2,2,2,B1 06 02 ,FALSE
768,54:28.1,out,Controller Data Entry (coarse): 2,2,2,B1 06 02 ,FALSE
769,54:28.1,out,Controller Data Entry (coarse): 1,2,1,B1 06 01 ,FALSE
770,54:28.1,out,Controller Data Entry (coarse): 1,2,1,B1 06 01 ,FALSE
771,54:28.1,out,Controller Data Entry (coarse): 1,2,1,B1 06 01 ,FALSE
772,54:28.1,out,Controller Data Entry (coarse): 1,2,1,B1 06 01 ,FALSE
773,54:28.1,out,Controller Data Entry (coarse): 1,2,1,B1 06 01 ,FALSE
774,54:28.1,out,Controller Data Entry (coarse): 1,2,1,B1 06 01 ,FALSE
775,54:28.1,out,Controller Data Entry (coarse): 1,2,1,B1 06 01 ,FALSE
776,54:28.1,out,Controller Data Entry (coarse): 1,2,1,B1 06 01 ,FALSE
777,54:28.1,out,Controller Data Entry (coarse): 1,2,1,B1 06 01 ,FALSE
778,54:28.1,out,Controller Data Entry (coarse): 1,2,1,B1 06 01 ,FALSE
779,54:28.1,out,Controller Data Entry (coarse): 1,2,1,B1 06 01 ,FALSE
780,54:28.1,out,Controller Data Entry (coarse): 1,2,1,B1 06 01 ,FALSE
781,54:28.1,out,Controller 9: 97,2,97,B1 09 61 ,FALSE
782,54:28.1,out,Controller 41: 106,2,106,B1 29 6A ,FALSE
783,54:28.1,out,Controller Data Entry (coarse): 1,2,1,B1 06 01 ,FALSE
784,54:28.1,out,Controller 9: 96,2,96,B1 09 60 ,FALSE
785,54:28.1,out,Controller 41: 38,2,38,B1 29 26 ,FALSE
786,54:28.1,out,Controller Data Entry (coarse): 1,2,1,B1 06 01 ,FALSE
787,54:28.1,out,Controller Data Entry (coarse): 1,2,1,B1 06 01 ,FALSE
788,54:28.1,out,Controller 9: 96,2,96,B1 09 60 ,FALSE
789,54:28.1,out,Controller 41: 37,2,37,B1 29 25 ,FALSE
790,54:28.1,out,Controller Data Entry (coarse): 1,2,1,B1 06 01 ,FALSE
791,54:28.1,out,Controller 9: 94,2,94,B1 09 5E ,FALSE
792,54:28.1,out,Controller 41: 36,2,36,B1 29 24 ,FALSE
793,54:28.1,out,Controller Data Entry (coarse): 1,2,1,B1 06 01 ,FALSE
794,54:28.1,out,Controller Data Entry (coarse): 1,2,1,B1 06 01 ,FALSE
795,54:28.1,out,Controller 9: 93,2,93,B1 09 5D ,FALSE
796,54:28.1,out,Controller 41: 1,2,1,B1 29 01 ,FALSE
797,54:28.1,out,Controller 9: 91,2,91,B1 09 5B ,FALSE
798,54:28.1,out,Controller 41: 70,2,70,B1 29 46 ,FALSE
799,54:28.1,out,Controller Data Entry (coarse): 1,2,1,B1 06 01 ,FALSE
800,54:28.1,out,Controller Data Entry (coarse): 1,2,1,B1 06 01 ,FALSE
801,54:28.1,out,Controller 9: 89,2,89,B1 09 59 ,FALSE
802,54:28.1,out,Controller 41: 122,2,122,B1 29 7A ,FALSE
803,54:28.1,out,Controller Data Entry (coarse): 1,2,1,B1 06 01 ,FALSE
804,54:28.2,out,Controller 9: 88,2,88,B1 09 58 ,FALSE
805,54:28.2,out,Controller 41: 60,2,60,B1 29 3C ,FALSE
806,54:28.2,out,Controller Data Entry (coarse): 1,2,1,B1 06 01 ,FALSE
807,54:28.2,out,Controller 9: 86,2,86,B1 09 56 ,FALSE
808,54:28.2,out,Controller 41: 101,2,101,B1 29 65 ,FALSE
809,54:28.2,out,Controller Data Entry (coarse): 1,2,1,B1 06 01 ,FALSE
810,54:28.2,out,Controller 9: 84,2,84,B1 09 54 ,FALSE
811,54:28.2,out,Controller 41: 126,2,126,B1 29 7E ,FALSE
812,54:28.2,out,Controller Data Entry (coarse): 1,2,1,B1 06 01 ,FALSE
813,54:28.2,out,Controller 9: 83,2,83,B1 09 53 ,FALSE
814,54:28.2,out,Controller 41: 23,2,23,B1 29 17 ,FALSE
815,54:28.2,out,Controller 9: 81,2,81,B1 09 51 ,FALSE
816,54:28.2,out,Controller 41: 40,2,40,B1 29 28 ,FALSE
817,54:28.2,out,Controller Data Entry (coarse): 1,2,1,B1 06 01 ,FALSE
818,54:28.2,out,Controller 9: 79,2,79,B1 09 4F ,FALSE
819,54:28.2,out,Controller 41: 68,2,68,B1 29 44 ,FALSE
820,54:28.2,out,Controller Data Entry (coarse): 1,2,1,B1 06 01 ,FALSE
821,54:28.2,out,Controller 9: 77,2,77,B1 09 4D ,FALSE
822,54:28.2,out,Controller 41: 82,2,82,B1 29 52 ,FALSE
823,54:28.2,out,Controller 9: 75,2,75,B1 09 4B ,FALSE
824,54:28.2,out,Controller 41: 86,2,86,B1 29 56 ,FALSE
825,54:28.2,out,Controller Data Entry (coarse): 1,2,1,B1 06 01 ,FALSE
826,54:28.2,out,Controller Data Entry (coarse): 1,2,1,B1 06 01 ,FALSE
827,54:28.2,out,Controller 9: 73,2,73,B1 09 49 ,FALSE
828,54:28.2,out,Controller 41: 79,2,79,B1 29 4F ,FALSE
829,54:28.2,out,Controller 9: 71,2,71,B1 09 47 ,FALSE
830,54:28.2,out,Controller 41: 52,2,52,B1 29 34 ,FALSE
831,54:28.2,out,Controller 9: 69,2,69,B1 09 45 ,FALSE
832,54:28.2,out,Controller 41: 17,2,17,B1 29 11 ,FALSE
833,54:28.2,out,Controller Data Entry (coarse): 1,2,1,B1 06 01 ,FALSE
834,54:28.2,out,Controller 9: 66,2,66,B1 09 42 ,FALSE
835,54:28.2,out,Controller 41: 105,2,105,B1 29 69 ,FALSE
836,54:28.2,out,Controller Data Entry (coarse): 1,2,1,B1 06 01 ,FALSE
837,54:28.2,out,Controller 9: 64,2,64,B1 09 40 ,FALSE
838,54:28.2,out,Controller 41: 42,2,42,B1 29 2A ,FALSE
839,54:28.2,out,Controller 9: 64,2,64,B1 09 40 ,FALSE
840,54:28.2,out,Controller 41: 0,2,0,B1 29 00 ,FALSE
841,54:28.3,out,Controller 9: 63,2,63,B1 09 3F ,FALSE
842,54:28.3,out,Controller 41: 49,2,49,B1 29 31 ,FALSE
843,54:28.3,out,Controller 9: 61,2,61,B1 09 3D ,FALSE
844,54:28.3,out,Controller 41: 8,2,8,B1 29 08 ,FALSE
845,54:28.3,out,Controller Data Entry (coarse): 1,2,1,B1 06 01 ,FALSE
846,54:28.3,out,Controller 9: 58,2,58,B1 09 3A ,FALSE
847,54:28.3,out,Controller 41: 92,2,92,B1 29 5C ,FALSE
848,54:28.3,out,Controller 9: 56,2,56,B1 09 38 ,FALSE
849,54:28.3,out,Controller 41: 89,2,89,B1 29 59 ,FALSE
850,54:28.3,out,Controller Data Entry (coarse): 1,2,1,B1 06 01 ,FALSE
851,54:28.3,out,Controller 9: 54,2,54,B1 09 36 ,FALSE
852,54:28.3,out,Controller 41: 56,2,56,B1 29 38 ,FALSE
853,54:28.3,out,Controller 9: 52,2,52,B1 09 34 ,FALSE
854,54:28.3,out,Controller 41: 63,2,63,B1 29 3F ,FALSE
855,54:28.3,out,Controller 9: 50,2,50,B1 09 32 ,FALSE
856,54:28.3,out,Controller 41: 59,2,59,B1 29 3B ,FALSE
857,54:28.3,out,Controller 9: 48,2,48,B1 09 30 ,FALSE
858,54:28.3,out,Controller 41: 64,2,64,B1 29 40 ,FALSE
859,54:28.3,out,Controller 9: 46,2,46,B1 09 2E ,FALSE
860,54:28.3,out,Controller 41: 81,2,81,B1 29 51 ,FALSE
861,54:28.3,out,Controller 9: 44,2,44,B1 09 2C ,FALSE
862,54:28.3,out,Controller 41: 111,2,111,B1 29 6F ,FALSE
863,54:28.3,out,Controller 9: 43,2,43,B1 09 2B ,FALSE
864,54:28.3,out,Controller 41: 26,2,26,B1 29 1A ,FALSE
865,54:28.3,out,Controller 9: 41,2,41,B1 09 29 ,FALSE
866,54:28.3,out,Controller 41: 76,2,76,B1 29 4C ,FALSE
867,54:28.3,out,Controller Data Entry (coarse): 1,2,1,B1 06 01 ,FALSE
868,54:28.3,out,Controller 9: 40,2,40,B1 09 28 ,FALSE
869,54:28.3,out,Controller 41: 21,2,21,B1 29 15 ,FALSE
870,54:28.4,out,Controller 9: 38,2,38,B1 09 26 ,FALSE
871,54:28.4,out,Controller 41: 97,2,97,B1 29 61 ,FALSE
872,54:28.4,out,Controller 9: 37,2,37,B1 09 25 ,FALSE
873,54:28.4,out,Controller 41: 59,2,59,B1 29 3B ,FALSE
874,54:28.4,out,Controller 9: 36,2,36,B1 09 24 ,FALSE
875,54:28.4,out,Controller 41: 27,2,27,B1 29 1B ,FALSE
876,54:28.4,out,Controller 9: 35,2,35,B1 09 23 ,FALSE
877,54:28.4,out,Controller 41: 10,2,10,B1 29 0A ,FALSE
878,54:28.4,out,Controller 9: 33,2,33,B1 09 21 ,FALSE
879,54:28.4,out,Controller 41: 124,2,124,B1 29 7C ,FALSE
880,54:28.4,out,Controller 9: 33,2,33,B1 09 21 ,FALSE
881,54:28.4,out,Controller 41: 122,2,122,B1 29 7A ,FALSE
882,54:28.4,out,Controller 9: 32,2,32,B1 09 20 ,FALSE
883,54:28.4,out,Controller 41: 17,2,17,B1 29 11 ,FALSE
884,54:28.4,out,Controller 9: 32,2,32,B1 09 20 ,FALSE
885,54:28.4,out,Controller 41: 16,2,16,B1 29 10 ,FALSE
886,54:28.4,out,Controller 9: 30,2,30,B1 09 1E ,FALSE
887,54:28.4,out,Controller 41: 66,2,66,B1 29 42 ,FALSE
888,54:28.4,out,Controller 9: 30,2,30,B1 09 1E ,FALSE
889,54:28.4,out,Controller 41: 64,2,64,B1 29 40 ,FALSE
890,54:28.4,out,Controller 9: 29,2,29,B1 09 1D ,FALSE
891,54:28.4,out,Controller 41: 14,2,14,B1 29 0E ,FALSE
892,54:28.4,out,Controller 9: 29,2,29,B1 09 1D ,FALSE
893,54:28.4,out,Controller 41: 13,2,13,B1 29 0D ,FALSE
894,54:28.4,out,Controller 9: 27,2,27,B1 09 1B ,FALSE
895,54:28.4,out,Controller 41: 107,2,107,B1 29 6B ,FALSE
896,54:28.5,out,Controller 9: 27,2,27,B1 09 1B ,FALSE
897,54:28.5,out,Controller 41: 106,2,106,B1 29 6A ,FALSE
898,54:28.5,out,Controller 9: 26,2,26,B1 09 1A ,FALSE
899,54:28.5,out,Controller 41: 76,2,76,B1 29 4C ,FALSE
900,54:28.5,out,Controller 9: 26,2,26,B1 09 1A ,FALSE
901,54:28.5,out,Controller 41: 74,2,74,B1 29 4A ,FALSE
902,54:28.5,out,Controller 9: 25,2,25,B1 09 19 ,FALSE
903,54:28.5,out,Controller 41: 57,2,57,B1 29 39 ,FALSE
904,54:28.5,out,Controller 9: 25,2,25,B1 09 19 ,FALSE
905,54:28.5,out,Controller 41: 56,2,56,B1 29 38 ,FALSE
906,54:28.5,out,Controller 9: 24,2,24,B1 09 18 ,FALSE
907,54:28.5,out,Controller 41: 40,2,40,B1 29 28 ,FALSE
908,54:28.5,out,Controller 9: 24,2,24,B1 09 18 ,FALSE
909,54:28.5,out,Controller 41: 39,2,39,B1 29 27 ,FALSE
910,54:28.5,out,Controller 9: 23,2,23,B1 09 17 ,FALSE
911,54:28.5,out,Controller 41: 24,2,24,B1 29 18 ,FALSE
912,54:28.5,out,Controller 9: 23,2,23,B1 09 17 ,FALSE
913,54:28.5,out,Controller 41: 23,2,23,B1 29 17 ,FALSE
914,54:28.5,out,Controller Data Entry (coarse): 127,2,127,B1 06 7F ,FALSE
915,54:28.5,out,Controller 9: 23,2,23,B1 09 17 ,FALSE
916,54:28.5,out,Controller 41: 22,2,22,B1 29 16 ,FALSE
917,54:28.6,out,Controller 9: 21,2,21,B1 09 15 ,FALSE
918,54:28.6,out,Controller 41: 115,2,115,B1 29 73 ,FALSE
919,54:29.8,out,Note on E3 Velocity 127,6,127,95 40 7F ,FALSE
920,54:30.0,out,Note off E3 Velocity 0,6,0,85 40 00 ,FALSE
921,54:30.3,out,Note on F2 Velocity 127,6,127,95 35 7F ,FALSE
922,54:30.5,out,Note off F2 Velocity 0,6,0,85 35 00 ,FALSE
923,54:31.2,out,Note on C-2 Velocity 127,2,127,91 00 7F ,FALSE
924,54:31.4,out,Note off C-2 Velocity 0,2,0,81 00 00 ,FALSE
925,54:31.6,out,Note on C#-2 Velocity 127,2,127,91 01 7F ,FALSE
926,54:31.8,out,Note off C#-2 Velocity 0,2,0,81 01 00 ,FALSE
927,54:32.4,out,Controller Balance (coarse): 125,16,125,BF 08 7D ,FALSE
928,54:32.4,out,Controller Balance (coarse): 124,16,124,BF 08 7C ,FALSE
929,54:32.4,out,Controller Balance (coarse): 122,16,122,BF 08 7A ,FALSE
930,54:32.4,out,Controller Balance (coarse): 121,16,121,BF 08 79 ,FALSE
931,54:32.4,out,Controller Balance (coarse): 120,16,120,BF 08 78 ,FALSE
932,54:32.4,out,Controller Balance (coarse): 119,16,119,BF 08 77 ,FALSE
933,54:32.4,out,Controller Balance (coarse): 118,16,118,BF 08 76 ,FALSE
934,54:32.4,out,Controller Balance (coarse): 117,16,117,BF 08 75 ,FALSE
935,54:32.4,out,Controller Balance (coarse): 116,16,116,BF 08 74 ,FALSE
936,54:32.4,out,Controller Balance (coarse): 115,16,115,BF 08 73 ,FALSE
937,54:32.4,out,Controller Balance (coarse): 114,16,114,BF 08 72 ,FALSE
938,54:32.4,out,Controller Balance (coarse): 113,16,113,BF 08 71 ,FALSE
939,54:32.4,out,Controller Balance (coarse): 112,16,112,BF 08 70 ,FALSE
940,54:32.4,out,Controller Balance (coarse): 110,16,110,BF 08 6E ,FALSE
941,54:32.4,out,Controller Balance (coarse): 109,16,109,BF 08 6D ,FALSE
942,54:32.4,out,Controller Balance (coarse): 108,16,108,BF 08 6C ,FALSE
943,54:32.5,out,Controller Balance (coarse): 107,16,107,BF 08 6B ,FALSE
944,54:32.5,out,Controller Balance (coarse): 106,16,106,BF 08 6A ,FALSE
945,54:32.5,out,Controller Balance (coarse): 105,16,105,BF 08 69 ,FALSE
946,54:32.5,out,Controller Balance (coarse): 104,16,104,BF 08 68 ,FALSE
947,54:32.5,out,Controller Balance (coarse): 103,16,103,BF 08 67 ,FALSE
948,54:32.5,out,Controller Balance (coarse): 102,16,102,BF 08 66 ,FALSE
949,54:32.5,out,Controller Balance (coarse): 101,16,101,BF 08 65 ,FALSE
950,54:32.5,out,Controller Balance (coarse): 100,16,100,BF 08 64 ,FALSE
951,54:32.5,out,Controller Balance (coarse): 99,16,99,BF 08 63 ,FALSE
952,54:32.5,out,Controller Balance (coarse): 98,16,98,BF 08 62 ,FALSE
953,54:32.5,out,Controller Balance (coarse): 97,16,97,BF 08 61 ,FALSE
954,54:32.5,out,Controller Balance (coarse): 96,16,96,BF 08 60 ,FALSE
955,54:32.5,out,Controller Balance (coarse): 95,16,95,BF 08 5F ,FALSE
956,54:32.5,out,Controller Balance (coarse): 94,16,94,BF 08 5E ,FALSE
957,54:32.5,out,Controller Balance (coarse): 93,16,93,BF 08 5D ,FALSE
958,54:32.5,out,Controller Balance (coarse): 92,16,92,BF 08 5C ,FALSE
959,54:32.5,out,Controller Balance (coarse): 91,16,91,BF 08 5B ,FALSE
960,54:32.5,out,Controller Balance (coarse): 90,16,90,BF 08 5A ,FALSE
961,54:32.5,out,Controller Balance (coarse): 89,16,89,BF 08 59 ,FALSE
962,54:32.5,out,Controller Balance (coarse): 88,16,88,BF 08 58 ,FALSE
963,54:32.5,out,Controller Balance (coarse): 87,16,87,BF 08 57 ,FALSE
964,54:32.5,out,Controller Balance (coarse): 86,16,86,BF 08 56 ,FALSE
965,54:32.5,out,Controller Balance (coarse): 85,16,85,BF 08 55 ,FALSE
966,54:32.5,out,Controller Balance (coarse): 84,16,84,BF 08 54 ,FALSE
967,54:32.5,out,Controller Balance (coarse): 83,16,83,BF 08 53 ,FALSE
968,54:32.5,out,Controller Balance (coarse): 82,16,82,BF 08 52 ,FALSE
969,54:32.5,out,Controller Balance (coarse): 81,16,81,BF 08 51 ,FALSE
970,54:32.5,out,Controller Balance (coarse): 80,16,80,BF 08 50 ,FALSE
971,54:32.5,out,Controller Balance (coarse): 79,16,79,BF 08 4F ,FALSE
972,54:32.5,out,Controller Balance (coarse): 78,16,78,BF 08 4E ,FALSE
973,54:32.5,out,Controller Balance (coarse): 77,16,77,BF 08 4D ,FALSE
974,54:32.5,out,Controller Balance (coarse): 76,16,76,BF 08 4C ,FALSE
975,54:32.5,out,Controller Balance (coarse): 75,16,75,BF 08 4B ,FALSE
976,54:32.5,out,Controller Balance (coarse): 74,16,74,BF 08 4A ,FALSE
977,54:32.5,out,Controller Balance (coarse): 73,16,73,BF 08 49 ,FALSE
978,54:32.5,out,Controller Balance (coarse): 72,16,72,BF 08 48 ,FALSE
979,54:32.5,out,Controller Balance (coarse): 71,16,71,BF 08 47 ,FALSE
980,54:32.5,out,Controller Balance (coarse): 70,16,70,BF 08 46 ,FALSE
981,54:32.5,out,Controller Balance (coarse): 69,16,69,BF 08 45 ,FALSE
982,54:32.5,out,Controller Balance (coarse): 68,16,68,BF 08 44 ,FALSE
983,54:32.5,out,Controller Balance (coarse): 67,16,67,BF 08 43 ,FALSE
984,54:32.5,out,Controller Balance (coarse): 66,16,66,BF 08 42 ,FALSE
985,54:32.5,out,Controller Balance (coarse): 65,16,65,BF 08 41 ,FALSE
986,54:32.5,out,Controller Balance (coarse): 64,16,64,BF 08 40 ,FALSE
987,54:32.5,out,Controller Balance (coarse): 63,16,63,BF 08 3F ,FALSE
988,54:32.5,out,Controller Balance (coarse): 62,16,62,BF 08 3E ,FALSE
989,54:32.5,out,Controller Balance (coarse): 61,16,61,BF 08 3D ,FALSE
990,54:32.5,out,Controller Balance (coarse): 59,16,59,BF 08 3B ,FALSE
991,54:32.5,out,Controller Balance (coarse): 58,16,58,BF 08 3A ,FALSE
992,54:32.5,out,Controller Balance (coarse): 57,16,57,BF 08 39 ,FALSE
993,54:32.5,out,Controller Balance (coarse): 56,16,56,BF 08 38 ,FALSE
994,54:32.5,out,Controller Balance (coarse): 55,16,55,BF 08 37 ,FALSE
995,54:32.5,out,Controller Balance (coarse): 54,16,54,BF 08 36 ,FALSE
996,54:32.5,out,Controller Balance (coarse): 53,16,53,BF 08 35 ,FALSE
997,54:32.5,out,Controller Balance (coarse): 52,16,52,BF 08 34 ,FALSE
998,54:32.5,out,Controller Balance (coarse): 51,16,51,BF 08 33 ,FALSE
999,54:32.6,out,Controller Balance (coarse): 50,16,50,BF 08 32 ,FALSE
