0,27:14.6,out,Controller 26: 18,2,18,B1 1A 12 ,FALSE
1,27:14.6,out,Controller 26: 17,2,17,B1 1A 11 ,FALSE
2,27:14.6,out,Controller 26: 16,2,16,B1 1A 10 ,FALSE
3,27:14.6,out,Controller 26: 14,2,14,B1 1A 0E ,FALSE
4,27:14.6,out,Controller 26: 13,2,13,B1 1A 0D ,FALSE
5,27:14.6,out,Controller 26: 12,2,12,B1 1A 0C ,FALSE
6,27:14.6,out,Controller 26: 11,2,11,B1 1A 0B ,FALSE
7,27:14.6,out,Controller 26: 10,2,10,B1 1A 0A ,FALSE
8,27:14.6,out,Controller 26: 9,2,9,B1 1A 09 ,FALSE
9,27:14.7,out,Controller 26: 8,2,8,B1 1A 08 ,FALSE
10,27:14.7,out,Controller 26: 7,2,7,B1 1A 07 ,FALSE
11,27:14.7,out,Controller 26: 5,2,5,B1 1A 05 ,FALSE
12,27:14.7,out,Controller 26: 4,2,4,B1 1A 04 ,FALSE
13,27:14.7,out,Controller 26: 3,2,3,B1 1A 03 ,FALSE
14,27:14.7,out,Controller 26: 2,2,2,B1 1A 02 ,FALSE
15,27:14.7,out,Controller 26: 1,2,1,B1 1A 01 ,FALSE
16,27:14.7,out,Controller 26: 0,2,0,B1 1A 00 ,FALSE
17,27:15.6,out,Controller 26: 65,1,65,B0 1A 41 ,FALSE
18,27:15.6,out,Controller 26: 67,1,67,B0 1A 43 ,FALSE
19,27:15.6,out,Controller 26: 68,1,68,B0 1A 44 ,FALSE
20,27:15.6,out,Controller 26: 70,1,70,B0 1A 46 ,FALSE
21,27:15.6,out,Controller 26: 71,1,71,B0 1A 47 ,FALSE
22,27:15.6,out,Controller 26: 73,1,73,B0 1A 49 ,FALSE
23,27:15.6,out,Controller 26: 74,1,74,B0 1A 4A ,FALSE
24,27:15.6,out,Controller 26: 75,1,75,B0 1A 4B ,FALSE
25,27:15.6,out,Controller 26: 76,1,76,B0 1A 4C ,FALSE
26,27:15.6,out,Controller 26: 77,1,77,B0 1A 4D ,FALSE
27,27:15.6,out,Controller 26: 78,1,78,B0 1A 4E ,FALSE
28,27:15.6,out,Controller 26: 79,1,79,B0 1A 4F ,FALSE
29,27:15.7,out,Controller 26: 80,1,80,B0 1A 50 ,FALSE
30,27:15.7,out,Controller 26: 81,1,81,B0 1A 51 ,FALSE
31,27:15.7,out,Controller 26: 82,1,82,B0 1A 52 ,FALSE
32,27:15.7,out,Controller 26: 83,1,83,B0 1A 53 ,FALSE
33,27:15.7,out,Controller 26: 84,1,84,B0 1A 54 ,FALSE
34,27:15.7,out,Controller 26: 85,1,85,B0 1A 55 ,FALSE
35,27:15.7,out,Controller 26: 86,1,86,B0 1A 56 ,FALSE
36,27:15.7,out,Controller 26: 87,1,87,B0 1A 57 ,FALSE
37,27:15.7,out,Controller 26: 88,1,88,B0 1A 58 ,FALSE
38,27:15.8,out,Controller 26: 89,1,89,B0 1A 59 ,FALSE
39,27:15.8,out,Controller 26: 90,1,90,B0 1A 5A ,FALSE
40,27:15.8,out,Controller 26: 91,1,91,B0 1A 5B ,FALSE
41,27:15.8,out,Controller 26: 92,1,92,B0 1A 5C ,FALSE
42,27:15.8,out,Controller 26: 93,1,93,B0 1A 5D ,FALSE
43,27:15.8,out,Controller 26: 94,1,94,B0 1A 5E ,FALSE
44,27:15.9,out,Controller 26: 95,1,95,B0 1A 5F ,FALSE
45,27:16.9,out,Controller 9: 57,2,57,B1 09 39 ,FALSE
46,27:16.9,out,Controller 41: 103,2,103,B1 29 67 ,FALSE
47,27:18.1,out,Controller 26: 94,1,94,B0 1A 5E ,FALSE
48,27:18.1,out,Controller 26: 93,1,93,B0 1A 5D ,FALSE
49,27:18.1,out,Controller 26: 91,1,91,B0 1A 5B ,FALSE
50,27:18.1,out,Controller 26: 90,1,90,B0 1A 5A ,FALSE
51,27:18.1,out,Controller 26: 89,1,89,B0 1A 59 ,FALSE
52,27:18.1,out,Controller 26: 87,1,87,B0 1A 57 ,FALSE
53,27:18.1,out,Controller 26: 86,1,86,B0 1A 56 ,FALSE
54,27:18.2,out,Controller 26: 84,1,84,B0 1A 54 ,FALSE
55,27:18.2,out,Controller 26: 83,1,83,B0 1A 53 ,FALSE
56,27:18.2,out,Controller 26: 81,1,81,B0 1A 51 ,FALSE
57,27:18.2,out,Controller 26: 79,1,79,B0 1A 4F ,FALSE
58,27:18.2,out,Controller 26: 78,1,78,B0 1A 4E ,FALSE
59,27:18.2,out,Controller 26: 77,1,77,B0 1A 4D ,FALSE
60,27:18.2,out,Controller 26: 75,1,75,B0 1A 4B ,FALSE
61,27:18.2,out,Controller 26: 74,1,74,B0 1A 4A ,FALSE
62,27:18.2,out,Controller 26: 73,1,73,B0 1A 49 ,FALSE
63,27:18.2,out,Controller 26: 72,1,72,B0 1A 48 ,FALSE
64,27:18.2,out,Controller 26: 70,1,70,B0 1A 46 ,FALSE
65,27:18.2,out,Controller 26: 69,1,69,B0 1A 45 ,FALSE
66,27:18.2,out,Controller 26: 68,1,68,B0 1A 44 ,FALSE
67,27:18.3,out,Controller 26: 67,1,67,B0 1A 43 ,FALSE
68,27:18.3,out,Controller 26: 66,1,66,B0 1A 42 ,FALSE
69,27:18.3,out,Controller 26: 65,1,65,B0 1A 41 ,FALSE
70,27:18.3,out,Controller 26: 64,1,64,B0 1A 40 ,FALSE
71,27:18.5,out,Controller 26: 63,1,63,B0 1A 3F ,FALSE
72,27:18.5,out,Controller 26: 62,1,62,B0 1A 3E ,FALSE
73,27:18.5,out,Controller 26: 61,1,61,B0 1A 3D ,FALSE
74,27:18.5,out,Controller 26: 60,1,60,B0 1A 3C ,FALSE
75,27:18.5,out,Controller 26: 59,1,59,B0 1A 3B ,FALSE
76,27:18.5,out,Controller 26: 57,1,57,B0 1A 39 ,FALSE
77,27:18.5,out,Controller 26: 56,1,56,B0 1A 38 ,FALSE
78,27:18.5,out,Controller 26: 55,1,55,B0 1A 37 ,FALSE
79,27:18.5,out,Controller 26: 53,1,53,B0 1A 35 ,FALSE
80,27:18.5,out,Controller 26: 52,1,52,B0 1A 34 ,FALSE
81,27:18.5,out,Controller 26: 51,1,51,B0 1A 33 ,FALSE
82,27:18.5,out,Controller 26: 49,1,49,B0 1A 31 ,FALSE
83,27:18.5,out,Controller 26: 48,1,48,B0 1A 30 ,FALSE
84,27:18.6,out,Controller 26: 47,1,47,B0 1A 2F ,FALSE
85,27:18.6,out,Controller 26: 45,1,45,B0 1A 2D ,FALSE
86,27:18.6,out,Controller 26: 44,1,44,B0 1A 2C ,FALSE
87,27:18.6,out,Controller 26: 43,1,43,B0 1A 2B ,FALSE
88,27:18.6,out,Controller 26: 42,1,42,B0 1A 2A ,FALSE
89,27:18.6,out,Controller 26: 41,1,41,B0 1A 29 ,FALSE
90,27:18.6,out,Controller 26: 40,1,40,B0 1A 28 ,FALSE
91,27:18.6,out,Controller 26: 39,1,39,B0 1A 27 ,FALSE
92,27:18.6,out,Controller 26: 38,1,38,B0 1A 26 ,FALSE
93,27:18.6,out,Controller 26: 37,1,37,B0 1A 25 ,FALSE
94,27:18.6,out,Controller 26: 36,1,36,B0 1A 24 ,FALSE
95,27:18.6,out,Controller 26: 35,1,35,B0 1A 23 ,FALSE
96,27:18.7,out,Controller 26: 34,1,34,B0 1A 22 ,FALSE
97,27:18.7,out,Controller 26: 33,1,33,B0 1A 21 ,FALSE
98,27:18.7,out,Controller 26: 32,1,32,B0 1A 20 ,FALSE
99,27:18.7,out,Controller 26: 31,1,31,B0 1A 1F ,FALSE
100,27:18.7,out,Controller 26: 30,1,30,B0 1A 1E ,FALSE
101,27:18.7,out,Controller 26: 29,1,29,B0 1A 1D ,FALSE
102,27:18.7,out,Controller 26: 28,1,28,B0 1A 1C ,FALSE
103,27:18.8,out,Controller 26: 27,1,27,B0 1A 1B ,FALSE
104,27:18.8,out,Controller 26: 26,1,26,B0 1A 1A ,FALSE
105,27:18.8,out,Controller 26: 25,1,25,B0 1A 19 ,FALSE
106,27:18.8,out,Controller 26: 24,1,24,B0 1A 18 ,FALSE
107,27:18.8,out,Controller 26: 23,1,23,B0 1A 17 ,FALSE
108,27:18.8,out,Controller 26: 22,1,22,B0 1A 16 ,FALSE
109,27:18.9,out,Controller 26: 21,1,21,B0 1A 15 ,FALSE
110,27:18.9,out,Controller 26: 20,1,20,B0 1A 14 ,FALSE
111,27:18.9,out,Controller 26: 19,1,19,B0 1A 13 ,FALSE
112,27:18.9,out,Controller 26: 18,1,18,B0 1A 12 ,FALSE
113,27:19.0,out,Controller 26: 17,1,17,B0 1A 11 ,FALSE
114,27:19.4,out,Controller 28: 1,1,1,B0 1C 01 ,FALSE
115,27:19.4,out,Controller 28: 2,1,2,B0 1C 02 ,FALSE
116,27:19.4,out,Controller 28: 6,1,6,B0 1C 06 ,FALSE
117,27:19.4,out,Controller 28: 11,1,11,B0 1C 0B ,FALSE
118,27:19.5,out,Controller 28: 17,1,17,B0 1C 11 ,FALSE
119,27:19.5,out,Controller 28: 25,1,25,B0 1C 19 ,FALSE
120,27:19.5,out,Controller 28: 31,1,31,B0 1C 1F ,FALSE
121,27:19.5,out,Controller 28: 37,1,37,B0 1C 25 ,FALSE
122,27:19.5,out,Controller 28: 43,1,43,B0 1C 2B ,FALSE
123,27:19.5,out,Controller 28: 47,1,47,B0 1C 2F ,FALSE
124,27:19.5,out,Controller 28: 52,1,52,B0 1C 34 ,FALSE
125,27:19.5,out,Controller 28: 55,1,55,B0 1C 37 ,FALSE
126,27:19.5,out,Controller 28: 58,1,58,B0 1C 3A ,FALSE
127,27:19.5,out,Controller 28: 62,1,62,B0 1C 3E ,FALSE
128,27:19.5,out,Controller 28: 64,1,64,B0 1C 40 ,FALSE
129,27:19.5,out,Controller 28: 72,1,72,B0 1C 48 ,FALSE
130,27:19.5,out,Controller 28: 77,1,77,B0 1C 4D ,FALSE
131,27:19.6,out,Controller 28: 81,1,81,B0 1C 51 ,FALSE
132,27:19.6,out,Controller 28: 86,1,86,B0 1C 56 ,FALSE
133,27:19.6,out,Controller 28: 91,1,91,B0 1C 5B ,FALSE
134,27:19.6,out,Controller 28: 95,1,95,B0 1C 5F ,FALSE
135,27:19.6,out,Controller 28: 99,1,99,B0 1C 63 ,FALSE
136,27:19.6,out,Controller 28: 104,1,104,B0 1C 68 ,FALSE
137,27:19.6,out,Controller 28: 108,1,108,B0 1C 6C ,FALSE
138,27:19.6,out,Controller 28: 111,1,111,B0 1C 6F ,FALSE
139,27:19.6,out,Controller 28: 115,1,115,B0 1C 73 ,FALSE
140,27:19.6,out,Controller 28: 118,1,118,B0 1C 76 ,FALSE
141,27:19.6,out,Controller 28: 122,1,122,B0 1C 7A ,FALSE
142,27:19.6,out,Controller 28: 125,1,125,B0 1C 7D ,FALSE
143,27:19.6,out,Controller 28: 126,1,126,B0 1C 7E ,FALSE
144,27:19.7,out,Controller 28: 127,1,127,B0 1C 7F ,FALSE
145,27:20.2,out,Controller 28: 126,1,126,B0 1C 7E ,FALSE
146,27:20.2,out,Controller 28: 125,1,125,B0 1C 7D ,FALSE
147,27:20.2,out,Controller 28: 120,1,120,B0 1C 78 ,FALSE
148,27:20.2,out,Controller 28: 116,1,116,B0 1C 74 ,FALSE
149,27:20.2,out,Controller 28: 112,1,112,B0 1C 70 ,FALSE
150,27:20.2,out,Controller 28: 107,1,107,B0 1C 6B ,FALSE
151,27:20.2,out,Controller 28: 103,1,103,B0 1C 67 ,FALSE
152,27:20.2,out,Controller 28: 99,1,99,B0 1C 63 ,FALSE
153,27:20.2,out,Controller 28: 95,1,95,B0 1C 5F ,FALSE
154,27:20.2,out,Controller 28: 91,1,91,B0 1C 5B ,FALSE
155,27:20.2,out,Controller 28: 87,1,87,B0 1C 57 ,FALSE
156,27:20.3,out,Controller 28: 82,1,82,B0 1C 52 ,FALSE
157,27:20.3,out,Controller 28: 79,1,79,B0 1C 4F ,FALSE
158,27:20.3,out,Controller 28: 74,1,74,B0 1C 4A ,FALSE
159,27:20.3,out,Controller 28: 70,1,70,B0 1C 46 ,FALSE
160,27:20.3,out,Controller 28: 66,1,66,B0 1C 42 ,FALSE
161,27:20.3,out,Controller 28: 63,1,63,B0 1C 3F ,FALSE
162,27:20.3,out,Controller 28: 62,1,62,B0 1C 3E ,FALSE
163,27:20.3,out,Controller 28: 57,1,57,B0 1C 39 ,FALSE
164,27:20.3,out,Controller 28: 53,1,53,B0 1C 35 ,FALSE
165,27:20.3,out,Controller 28: 49,1,49,B0 1C 31 ,FALSE
166,27:20.3,out,Controller 28: 45,1,45,B0 1C 2D ,FALSE
167,27:20.3,out,Controller 28: 40,1,40,B0 1C 28 ,FALSE
168,27:20.4,out,Controller 28: 36,1,36,B0 1C 24 ,FALSE
169,27:20.4,out,Controller 28: 32,1,32,B0 1C 20 ,FALSE
170,27:20.4,out,Controller 28: 28,1,28,B0 1C 1C ,FALSE
171,27:20.4,out,Controller 28: 24,1,24,B0 1C 18 ,FALSE
172,27:20.4,out,Controller 28: 20,1,20,B0 1C 14 ,FALSE
173,27:20.4,out,Controller 28: 17,1,17,B0 1C 11 ,FALSE
174,27:20.4,out,Controller 28: 13,1,13,B0 1C 0D ,FALSE
175,27:20.4,out,Controller 28: 10,1,10,B0 1C 0A ,FALSE
176,27:20.4,out,Controller 28: 6,1,6,B0 1C 06 ,FALSE
177,27:20.4,out,Controller 28: 3,1,3,B0 1C 03 ,FALSE
178,27:20.4,out,Controller 28: 1,1,1,B0 1C 01 ,FALSE
179,27:20.4,out,Controller 28: 0,1,0,B0 1C 00 ,FALSE
180,27:21.2,out,Controller 28: 1,2,1,B1 1C 01 ,FALSE
181,27:21.2,out,Controller 28: 2,2,2,B1 1C 02 ,FALSE
182,27:21.2,out,Controller 28: 3,2,3,B1 1C 03 ,FALSE
183,27:21.2,out,Controller 28: 4,2,4,B1 1C 04 ,FALSE
184,27:21.2,out,Controller 28: 6,2,6,B1 1C 06 ,FALSE
185,27:21.2,out,Controller 28: 8,2,8,B1 1C 08 ,FALSE
186,27:21.2,out,Controller 28: 10,2,10,B1 1C 0A ,FALSE
187,27:21.2,out,Controller 28: 13,2,13,B1 1C 0D ,FALSE
188,27:21.2,out,Controller 28: 15,2,15,B1 1C 0F ,FALSE
189,27:21.2,out,Controller 28: 18,2,18,B1 1C 12 ,FALSE
190,27:21.2,out,Controller 28: 20,2,20,B1 1C 14 ,FALSE
191,27:21.2,out,Controller 28: 24,2,24,B1 1C 18 ,FALSE
192,27:21.3,out,Controller 28: 27,2,27,B1 1C 1B ,FALSE
193,27:21.3,out,Controller 28: 30,2,30,B1 1C 1E ,FALSE
194,27:21.3,out,Controller 28: 34,2,34,B1 1C 22 ,FALSE
195,27:21.3,out,Controller 28: 38,2,38,B1 1C 26 ,FALSE
196,27:21.3,out,Controller 28: 42,2,42,B1 1C 2A ,FALSE
197,27:21.3,out,Controller 28: 45,2,45,B1 1C 2D ,FALSE
198,27:21.3,out,Controller 28: 49,2,49,B1 1C 31 ,FALSE
199,27:21.3,out,Controller 28: 53,2,53,B1 1C 35 ,FALSE
200,27:21.3,out,Controller 28: 57,2,57,B1 1C 39 ,FALSE
201,27:21.3,out,Controller 28: 61,2,61,B1 1C 3D ,FALSE
202,27:21.3,out,Controller 28: 63,2,63,B1 1C 3F ,FALSE
203,27:21.3,out,Controller 28: 64,2,64,B1 1C 40 ,FALSE
204,27:21.3,out,Controller 28: 69,2,69,B1 1C 45 ,FALSE
205,27:21.4,out,Controller 28: 74,2,74,B1 1C 4A ,FALSE
206,27:21.4,out,Controller 28: 79,2,79,B1 1C 4F ,FALSE
207,27:21.4,out,Controller 28: 83,2,83,B1 1C 53 ,FALSE
208,27:21.4,out,Controller 28: 88,2,88,B1 1C 58 ,FALSE
209,27:21.4,out,Controller 28: 92,2,92,B1 1C 5C ,FALSE
210,27:21.4,out,Controller 28: 96,2,96,B1 1C 60 ,FALSE
211,27:21.4,out,Controller 28: 100,2,100,B1 1C 64 ,FALSE
212,27:21.4,out,Controller 28: 104,2,104,B1 1C 68 ,FALSE
213,27:21.4,out,Controller 28: 108,2,108,B1 1C 6C ,FALSE
214,27:21.4,out,Controller 28: 112,2,112,B1 1C 70 ,FALSE
215,27:21.4,out,Controller 28: 115,2,115,B1 1C 73 ,FALSE
216,27:21.4,out,Controller 28: 119,2,119,B1 1C 77 ,FALSE
217,27:21.4,out,Controller 28: 122,2,122,B1 1C 7A ,FALSE
218,27:21.4,out,Controller 28: 125,2,125,B1 1C 7D ,FALSE
219,27:21.5,out,Controller 28: 126,2,126,B1 1C 7E ,FALSE
220,27:21.5,out,Controller 28: 127,2,127,B1 1C 7F ,FALSE
221,27:21.9,out,Controller 28: 126,2,126,B1 1C 7E ,FALSE
222,27:22.0,out,Controller 28: 125,2,125,B1 1C 7D ,FALSE
223,27:22.0,out,Controller 28: 123,2,123,B1 1C 7B ,FALSE
224,27:22.0,out,Controller 28: 121,2,121,B1 1C 79 ,FALSE
225,27:22.0,out,Controller 28: 118,2,118,B1 1C 76 ,FALSE
226,27:22.0,out,Controller 28: 114,2,114,B1 1C 72 ,FALSE
227,27:22.0,out,Controller 28: 111,2,111,B1 1C 6F ,FALSE
228,27:22.0,out,Controller 28: 108,2,108,B1 1C 6C ,FALSE
229,27:22.0,out,Controller 28: 104,2,104,B1 1C 68 ,FALSE
230,27:22.0,out,Controller 28: 100,2,100,B1 1C 64 ,FALSE
231,27:22.0,out,Controller 28: 96,2,96,B1 1C 60 ,FALSE
232,27:22.0,out,Controller 28: 92,2,92,B1 1C 5C ,FALSE
233,27:22.0,out,Controller 28: 88,2,88,B1 1C 58 ,FALSE
234,27:22.0,out,Controller 28: 84,2,84,B1 1C 54 ,FALSE
235,27:22.1,out,Controller 28: 79,2,79,B1 1C 4F ,FALSE
236,27:22.1,out,Controller 28: 75,2,75,B1 1C 4B ,FALSE
237,27:22.1,out,Controller 28: 71,2,71,B1 1C 47 ,FALSE
238,27:22.1,out,Controller 28: 66,2,66,B1 1C 42 ,FALSE
239,27:22.1,out,Controller 28: 63,2,63,B1 1C 3F ,FALSE
240,27:22.1,out,Controller 28: 61,2,61,B1 1C 3D ,FALSE
241,27:22.1,out,Controller 28: 57,2,57,B1 1C 39 ,FALSE
242,27:22.1,out,Controller 28: 53,2,53,B1 1C 35 ,FALSE
243,27:22.1,out,Controller 28: 49,2,49,B1 1C 31 ,FALSE
244,27:22.1,out,Controller 28: 45,2,45,B1 1C 2D ,FALSE
245,27:22.1,out,Controller 28: 41,2,41,B1 1C 29 ,FALSE
246,27:22.1,out,Controller 28: 36,2,36,B1 1C 24 ,FALSE
247,27:22.1,out,Controller 28: 33,2,33,B1 1C 21 ,FALSE
248,27:22.2,out,Controller 28: 29,2,29,B1 1C 1D ,FALSE
249,27:22.2,out,Controller 28: 24,2,24,B1 1C 18 ,FALSE
250,27:22.2,out,Controller 28: 20,2,20,B1 1C 14 ,FALSE
251,27:22.2,out,Controller 28: 16,2,16,B1 1C 10 ,FALSE
252,27:22.2,out,Controller 28: 12,2,12,B1 1C 0C ,FALSE
253,27:22.2,out,Controller 28: 8,2,8,B1 1C 08 ,FALSE
254,27:22.2,out,Controller 28: 4,2,4,B1 1C 04 ,FALSE
255,27:22.2,out,Controller 28: 2,2,2,B1 1C 02 ,FALSE
256,27:22.2,out,Controller 28: 1,2,1,B1 1C 01 ,FALSE
257,27:22.2,out,Controller 28: 0,2,0,B1 1C 00 ,FALSE
258,27:23.2,out,Controller 25: 76,1,76,B0 19 4C ,FALSE
259,27:23.2,out,Controller 25: 75,1,75,B0 19 4B ,FALSE
260,27:23.2,out,Controller 25: 74,1,74,B0 19 4A ,FALSE
261,27:23.2,out,Controller 25: 72,1,72,B0 19 48 ,FALSE
262,27:23.2,out,Controller 25: 70,1,70,B0 19 46 ,FALSE
263,27:23.2,out,Controller 25: 68,1,68,B0 19 44 ,FALSE
264,27:23.3,out,Controller 25: 65,1,65,B0 19 41 ,FALSE
265,27:23.3,out,Controller 25: 64,1,64,B0 19 40 ,FALSE
266,27:23.3,out,Controller 25: 63,1,63,B0 19 3F ,FALSE
267,27:23.3,out,Controller 25: 60,1,60,B0 19 3C ,FALSE
268,27:23.3,out,Controller 25: 57,1,57,B0 19 39 ,FALSE
269,27:23.3,out,Controller 25: 55,1,55,B0 19 37 ,FALSE
270,27:23.3,out,Controller 25: 52,1,52,B0 19 34 ,FALSE
271,27:23.3,out,Controller 25: 49,1,49,B0 19 31 ,FALSE
272,27:23.3,out,Controller 25: 46,1,46,B0 19 2E ,FALSE
273,27:23.3,out,Controller 25: 43,1,43,B0 19 2B ,FALSE
274,27:23.4,out,Controller 25: 40,1,40,B0 19 28 ,FALSE
275,27:23.4,out,Controller 25: 37,1,37,B0 19 25 ,FALSE
276,27:23.4,out,Controller 25: 35,1,35,B0 19 23 ,FALSE
277,27:23.4,out,Controller 25: 33,1,33,B0 19 21 ,FALSE
278,27:23.4,out,Controller 25: 32,1,32,B0 19 20 ,FALSE
279,27:23.4,out,Controller 25: 30,1,30,B0 19 1E ,FALSE
280,27:23.4,out,Controller 25: 29,1,29,B0 19 1D ,FALSE
281,27:23.4,out,Controller 25: 28,1,28,B0 19 1C ,FALSE
282,27:23.4,out,Controller 25: 27,1,27,B0 19 1B ,FALSE
283,27:23.4,out,Controller 25: 26,1,26,B0 19 1A ,FALSE
284,27:23.4,out,Controller 25: 25,1,25,B0 19 19 ,FALSE
285,27:23.4,out,Controller 25: 24,1,24,B0 19 18 ,FALSE
286,27:23.4,out,Controller 25: 23,1,23,B0 19 17 ,FALSE
287,27:23.5,out,Controller 25: 21,1,21,B0 19 15 ,FALSE
288,27:23.5,out,Controller 25: 20,1,20,B0 19 14 ,FALSE
289,27:23.5,out,Controller 25: 19,1,19,B0 19 13 ,FALSE
290,27:23.5,out,Controller 25: 18,1,18,B0 19 12 ,FALSE
291,27:23.5,out,Controller 25: 16,1,16,B0 19 10 ,FALSE
292,27:23.5,out,Controller 25: 15,1,15,B0 19 0F ,FALSE
293,27:23.5,out,Controller 25: 14,1,14,B0 19 0E ,FALSE
294,27:23.5,out,Controller 25: 13,1,13,B0 19 0D ,FALSE
295,27:23.5,out,Controller 25: 11,1,11,B0 19 0B ,FALSE
296,27:23.5,out,Controller 25: 10,1,10,B0 19 0A ,FALSE
297,27:23.5,out,Controller 25: 8,1,8,B0 19 08 ,FALSE
298,27:23.5,out,Controller 25: 7,1,7,B0 19 07 ,FALSE
299,27:23.5,out,Controller 25: 5,1,5,B0 19 05 ,FALSE
300,27:23.6,out,Controller 25: 4,1,4,B0 19 04 ,FALSE
301,27:23.6,out,Controller 25: 3,1,3,B0 19 03 ,FALSE
302,27:23.6,out,Controller 25: 2,1,2,B0 19 02 ,FALSE
303,27:23.6,out,Controller 25: 1,1,1,B0 19 01 ,FALSE
304,27:23.6,out,Controller 25: 0,1,0,B0 19 00 ,FALSE
305,27:24.1,out,Controller 25: 1,1,1,B0 19 01 ,FALSE
306,27:24.1,out,Controller 25: 4,1,4,B0 19 04 ,FALSE
307,27:24.1,out,Controller 25: 7,1,7,B0 19 07 ,FALSE
308,27:24.1,out,Controller 25: 10,1,10,B0 19 0A ,FALSE
309,27:24.1,out,Controller 25: 13,1,13,B0 19 0D ,FALSE
310,27:24.1,out,Controller 25: 16,1,16,B0 19 10 ,FALSE
311,27:24.1,out,Controller 25: 20,1,20,B0 19 14 ,FALSE
312,27:24.1,out,Controller 25: 22,1,22,B0 19 16 ,FALSE
313,27:24.1,out,Controller 25: 25,1,25,B0 19 19 ,FALSE
314,27:24.1,out,Controller 25: 28,1,28,B0 19 1C ,FALSE
315,27:24.1,out,Controller 25: 30,1,30,B0 19 1E ,FALSE
316,27:24.2,out,Controller 25: 32,1,32,B0 19 20 ,FALSE
317,27:24.2,out,Controller 25: 34,1,34,B0 19 22 ,FALSE
318,27:24.2,out,Controller 25: 35,1,35,B0 19 23 ,FALSE
319,27:24.2,out,Controller 25: 37,1,37,B0 19 25 ,FALSE
320,27:24.2,out,Controller 25: 38,1,38,B0 19 26 ,FALSE
321,27:24.2,out,Controller 25: 40,1,40,B0 19 28 ,FALSE
322,27:24.2,out,Controller 25: 42,1,42,B0 19 2A ,FALSE
323,27:24.2,out,Controller 25: 43,1,43,B0 19 2B ,FALSE
324,27:24.2,out,Controller 25: 45,1,45,B0 19 2D ,FALSE
325,27:24.2,out,Controller 25: 47,1,47,B0 19 2F ,FALSE
326,27:24.2,out,Controller 25: 50,1,50,B0 19 32 ,FALSE
327,27:24.2,out,Controller 25: 52,1,52,B0 19 34 ,FALSE
328,27:24.2,out,Controller 25: 54,1,54,B0 19 36 ,FALSE
329,27:24.3,out,Controller 25: 56,1,56,B0 19 38 ,FALSE
330,27:24.3,out,Controller 25: 58,1,58,B0 19 3A ,FALSE
331,27:24.3,out,Controller 25: 61,1,61,B0 19 3D ,FALSE
332,27:24.3,out,Controller 25: 63,1,63,B0 19 3F ,FALSE
333,27:24.3,out,Controller 25: 64,1,64,B0 19 40 ,FALSE
334,27:24.3,out,Controller 25: 65,1,65,B0 19 41 ,FALSE
335,27:24.3,out,Controller 25: 66,1,66,B0 19 42 ,FALSE
336,27:24.3,out,Controller 25: 67,1,67,B0 19 43 ,FALSE
337,27:24.3,out,Controller 25: 68,1,68,B0 19 44 ,FALSE
338,27:24.3,out,Controller 25: 69,1,69,B0 19 45 ,FALSE
339,27:24.3,out,Controller 25: 70,1,70,B0 19 46 ,FALSE
340,27:24.3,out,Controller 25: 72,1,72,B0 19 48 ,FALSE
341,27:24.3,out,Controller 25: 73,1,73,B0 19 49 ,FALSE
342,27:24.4,out,Controller 25: 75,1,75,B0 19 4B ,FALSE
343,27:24.4,out,Controller 25: 77,1,77,B0 19 4D ,FALSE
344,27:24.4,out,Controller 25: 79,1,79,B0 19 4F ,FALSE
345,27:24.4,out,Controller 25: 81,1,81,B0 19 51 ,FALSE
346,27:24.4,out,Controller 25: 83,1,83,B0 19 53 ,FALSE
347,27:24.4,out,Controller 25: 84,1,84,B0 19 54 ,FALSE
348,27:24.4,out,Controller 25: 86,1,86,B0 19 56 ,FALSE
349,27:24.4,out,Controller 25: 88,1,88,B0 19 58 ,FALSE
350,27:24.4,out,Controller 25: 90,1,90,B0 19 5A ,FALSE
351,27:24.4,out,Controller 25: 91,1,91,B0 19 5B ,FALSE
352,27:24.4,out,Controller 25: 92,1,92,B0 19 5C ,FALSE
353,27:24.4,out,Controller 25: 94,1,94,B0 19 5E ,FALSE
354,27:24.4,out,Controller 25: 95,1,95,B0 19 5F ,FALSE
355,27:24.4,out,Controller 25: 97,1,97,B0 19 61 ,FALSE
356,27:24.5,out,Controller 25: 98,1,98,B0 19 62 ,FALSE
357,27:24.5,out,Controller 25: 99,1,99,B0 19 63 ,FALSE
358,27:24.5,out,Controller 25: 100,1,100,B0 19 64 ,FALSE
359,27:24.5,out,Controller 25: 101,1,101,B0 19 65 ,FALSE
360,27:24.5,out,Controller 25: 102,1,102,B0 19 66 ,FALSE
361,27:24.5,out,Controller 25: 103,1,103,B0 19 67 ,FALSE
362,27:24.5,out,Controller 25: 104,1,104,B0 19 68 ,FALSE
363,27:24.5,out,Controller 25: 105,1,105,B0 19 69 ,FALSE
364,27:24.5,out,Controller 25: 106,1,106,B0 19 6A ,FALSE
365,27:24.5,out,Controller 25: 107,1,107,B0 19 6B ,FALSE
366,27:24.5,out,Controller 25: 108,1,108,B0 19 6C ,FALSE
367,27:24.5,out,Controller 25: 109,1,109,B0 19 6D ,FALSE
368,27:24.6,out,Controller 25: 110,1,110,B0 19 6E ,FALSE
369,27:24.6,out,Controller 25: 111,1,111,B0 19 6F ,FALSE
370,27:24.6,out,Controller 25: 112,1,112,B0 19 70 ,FALSE
371,27:24.6,out,Controller 25: 113,1,113,B0 19 71 ,FALSE
372,27:24.6,out,Controller 25: 115,1,115,B0 19 73 ,FALSE
373,27:24.6,out,Controller 25: 116,1,116,B0 19 74 ,FALSE
374,27:24.6,out,Controller 25: 117,1,117,B0 19 75 ,FALSE
375,27:24.6,out,Controller 25: 118,1,118,B0 19 76 ,FALSE
376,27:24.6,out,Controller 25: 120,1,120,B0 19 78 ,FALSE
377,27:24.6,out,Controller 25: 121,1,121,B0 19 79 ,FALSE
378,27:24.6,out,Controller 25: 122,1,122,B0 19 7A ,FALSE
379,27:24.6,out,Controller 25: 123,1,123,B0 19 7B ,FALSE
380,27:24.7,out,Controller 25: 124,1,124,B0 19 7C ,FALSE
381,27:24.7,out,Controller 25: 125,1,125,B0 19 7D ,FALSE
382,27:24.7,out,Controller 25: 126,1,126,B0 19 7E ,FALSE
383,27:25.2,out,Controller 25: 65,2,65,B1 19 41 ,FALSE
384,27:25.2,out,Controller 25: 67,2,67,B1 19 43 ,FALSE
385,27:25.2,out,Controller 25: 69,2,69,B1 19 45 ,FALSE
386,27:25.3,out,Controller 25: 72,2,72,B1 19 48 ,FALSE
387,27:25.3,out,Controller 25: 75,2,75,B1 19 4B ,FALSE
388,27:25.3,out,Controller 25: 78,2,78,B1 19 4E ,FALSE
389,27:25.3,out,Controller 25: 81,2,81,B1 19 51 ,FALSE
390,27:25.3,out,Controller 25: 83,2,83,B1 19 53 ,FALSE
391,27:25.3,out,Controller 25: 85,2,85,B1 19 55 ,FALSE
392,27:25.3,out,Controller 25: 87,2,87,B1 19 57 ,FALSE
393,27:25.3,out,Controller 25: 89,2,89,B1 19 59 ,FALSE
394,27:25.3,out,Controller 25: 91,2,91,B1 19 5B ,FALSE
395,27:25.3,out,Controller 25: 93,2,93,B1 19 5D ,FALSE
396,27:25.3,out,Controller 25: 96,2,96,B1 19 60 ,FALSE
397,27:25.3,out,Controller 25: 98,2,98,B1 19 62 ,FALSE
398,27:25.3,out,Controller 25: 100,2,100,B1 19 64 ,FALSE
399,27:25.4,out,Controller 25: 102,2,102,B1 19 66 ,FALSE
400,27:25.4,out,Controller 25: 104,2,104,B1 19 68 ,FALSE
401,27:25.4,out,Controller 25: 106,2,106,B1 19 6A ,FALSE
402,27:25.4,out,Controller 25: 108,2,108,B1 19 6C ,FALSE
403,27:25.4,out,Controller 25: 110,2,110,B1 19 6E ,FALSE
404,27:25.4,out,Controller 25: 111,2,111,B1 19 6F ,FALSE
405,27:25.4,out,Controller 25: 113,2,113,B1 19 71 ,FALSE
406,27:25.4,out,Controller 25: 115,2,115,B1 19 73 ,FALSE
407,27:25.4,out,Controller 25: 116,2,116,B1 19 74 ,FALSE
408,27:25.4,out,Controller 25: 118,2,118,B1 19 76 ,FALSE
409,27:25.4,out,Controller 25: 119,2,119,B1 19 77 ,FALSE
410,27:25.4,out,Controller 25: 121,2,121,B1 19 79 ,FALSE
411,27:25.4,out,Controller 25: 122,2,122,B1 19 7A ,FALSE
412,27:25.4,out,Controller 25: 124,2,124,B1 19 7C ,FALSE
413,27:25.5,out,Controller 25: 125,2,125,B1 19 7D ,FALSE
414,27:25.5,out,Controller 25: 127,2,127,B1 19 7F ,FALSE
415,27:26.1,out,Controller 24: 63,2,63,B1 18 3F ,FALSE
416,27:26.1,out,Controller 24: 61,2,61,B1 18 3D ,FALSE
417,27:26.1,out,Controller 24: 58,2,58,B1 18 3A ,FALSE
418,27:26.1,out,Controller 24: 55,2,55,B1 18 37 ,FALSE
419,27:26.1,out,Controller 24: 52,2,52,B1 18 34 ,FALSE
420,27:26.1,out,Controller 24: 48,2,48,B1 18 30 ,FALSE
421,27:26.1,out,Controller 24: 45,2,45,B1 18 2D ,FALSE
422,27:26.1,out,Controller 24: 42,2,42,B1 18 2A ,FALSE
423,27:26.2,out,Controller 24: 39,2,39,B1 18 27 ,FALSE
424,27:26.2,out,Controller 24: 36,2,36,B1 18 24 ,FALSE
425,27:26.2,out,Controller 24: 33,2,33,B1 18 21 ,FALSE
426,27:26.2,out,Controller 24: 31,2,31,B1 18 1F ,FALSE
427,27:26.2,out,Controller 24: 28,2,28,B1 18 1C ,FALSE
428,27:26.2,out,Controller 24: 26,2,26,B1 18 1A ,FALSE
429,27:26.2,out,Controller 24: 25,2,25,B1 18 19 ,FALSE
430,27:26.2,out,Controller 24: 23,2,23,B1 18 17 ,FALSE
431,27:26.2,out,Controller 24: 21,2,21,B1 18 15 ,FALSE
432,27:26.2,out,Controller 24: 19,2,19,B1 18 13 ,FALSE
433,27:26.2,out,Controller 24: 17,2,17,B1 18 11 ,FALSE
434,27:26.2,out,Controller 24: 15,2,15,B1 18 0F ,FALSE
435,27:26.2,out,Controller 24: 13,2,13,B1 18 0D ,FALSE
436,27:26.3,out,Controller 24: 11,2,11,B1 18 0B ,FALSE
437,27:26.3,out,Controller 24: 8,2,8,B1 18 08 ,FALSE
438,27:26.3,out,Controller 24: 5,2,5,B1 18 05 ,FALSE
439,27:26.3,out,Controller 24: 2,2,2,B1 18 02 ,FALSE
440,27:26.3,out,Controller 24: 0,2,0,B1 18 00 ,FALSE
441,27:27.0,out,Controller 24: 1,2,1,B1 18 01 ,FALSE
442,27:27.0,out,Controller 24: 3,2,3,B1 18 03 ,FALSE
443,27:27.0,out,Controller 24: 5,2,5,B1 18 05 ,FALSE
444,27:27.0,out,Controller 24: 6,2,6,B1 18 06 ,FALSE
445,27:27.0,out,Controller 24: 8,2,8,B1 18 08 ,FALSE
446,27:27.0,out,Controller 24: 10,2,10,B1 18 0A ,FALSE
447,27:27.0,out,Controller 24: 12,2,12,B1 18 0C ,FALSE
448,27:27.0,out,Controller 24: 14,2,14,B1 18 0E ,FALSE
449,27:27.1,out,Controller 24: 16,2,16,B1 18 10 ,FALSE
450,27:27.1,out,Controller 24: 17,2,17,B1 18 11 ,FALSE
451,27:27.1,out,Controller 24: 19,2,19,B1 18 13 ,FALSE
452,27:27.1,out,Controller 24: 21,2,21,B1 18 15 ,FALSE
453,27:27.1,out,Controller 24: 22,2,22,B1 18 16 ,FALSE
454,27:27.1,out,Controller 24: 24,2,24,B1 18 18 ,FALSE
455,27:27.1,out,Controller 24: 26,2,26,B1 18 1A ,FALSE
456,27:27.1,out,Controller 24: 28,2,28,B1 18 1C ,FALSE
457,27:27.1,out,Controller 24: 30,2,30,B1 18 1E ,FALSE
458,27:27.1,out,Controller 24: 32,2,32,B1 18 20 ,FALSE
459,27:27.1,out,Controller 24: 33,2,33,B1 18 21 ,FALSE
460,27:27.1,out,Controller 24: 35,2,35,B1 18 23 ,FALSE
461,27:27.1,out,Controller 24: 37,2,37,B1 18 25 ,FALSE
462,27:27.1,out,Controller 24: 38,2,38,B1 18 26 ,FALSE
463,27:27.2,out,Controller 24: 40,2,40,B1 18 28 ,FALSE
464,27:27.2,out,Controller 24: 41,2,41,B1 18 29 ,FALSE
465,27:27.2,out,Controller 24: 43,2,43,B1 18 2B ,FALSE
466,27:27.2,out,Controller 24: 45,2,45,B1 18 2D ,FALSE
467,27:27.2,out,Controller 24: 46,2,46,B1 18 2E ,FALSE
468,27:27.2,out,Controller 24: 47,2,47,B1 18 2F ,FALSE
469,27:27.2,out,Controller 24: 48,2,48,B1 18 30 ,FALSE
470,27:27.2,out,Controller 24: 49,2,49,B1 18 31 ,FALSE
471,27:27.2,out,Controller 24: 50,2,50,B1 18 32 ,FALSE
472,27:27.2,out,Controller 24: 51,2,51,B1 18 33 ,FALSE
473,27:27.2,out,Controller 24: 52,2,52,B1 18 34 ,FALSE
474,27:27.2,out,Controller 24: 53,2,53,B1 18 35 ,FALSE
475,27:27.2,out,Controller 24: 54,2,54,B1 18 36 ,FALSE
476,27:27.3,out,Controller 24: 55,2,55,B1 18 37 ,FALSE
477,27:27.3,out,Controller 24: 56,2,56,B1 18 38 ,FALSE
478,27:27.3,out,Controller 24: 57,2,57,B1 18 39 ,FALSE
479,27:27.3,out,Controller 24: 58,2,58,B1 18 3A ,FALSE
480,27:27.3,out,Controller 24: 59,2,59,B1 18 3B ,FALSE
481,27:27.3,out,Controller 24: 60,2,60,B1 18 3C ,FALSE
482,27:27.3,out,Controller 24: 62,2,62,B1 18 3E ,FALSE
483,27:27.3,out,Controller 24: 64,2,64,B1 18 40 ,FALSE
484,27:28.1,out,Controller 25: 126,2,126,B1 19 7E ,FALSE
485,27:28.1,out,Controller 25: 124,2,124,B1 19 7C ,FALSE
486,27:28.1,out,Controller 25: 123,2,123,B1 19 7B ,FALSE
487,27:28.1,out,Controller 25: 121,2,121,B1 19 79 ,FALSE
488,27:28.2,out,Controller 25: 120,2,120,B1 19 78 ,FALSE
489,27:28.2,out,Controller 25: 117,2,117,B1 19 75 ,FALSE
490,27:28.2,out,Controller 25: 115,2,115,B1 19 73 ,FALSE
491,27:28.2,out,Controller 25: 113,2,113,B1 19 71 ,FALSE
492,27:28.2,out,Controller 25: 111,2,111,B1 19 6F ,FALSE
493,27:28.2,out,Controller 25: 108,2,108,B1 19 6C ,FALSE
494,27:28.2,out,Controller 25: 106,2,106,B1 19 6A ,FALSE
495,27:28.2,out,Controller 25: 105,2,105,B1 19 69 ,FALSE
496,27:28.2,out,Controller 25: 103,2,103,B1 19 67 ,FALSE
497,27:28.2,out,Controller 25: 102,2,102,B1 19 66 ,FALSE
498,27:28.2,out,Controller 25: 100,2,100,B1 19 64 ,FALSE
499,27:28.2,out,Controller 25: 99,2,99,B1 19 63 ,FALSE
500,27:28.2,out,Controller 25: 98,2,98,B1 19 62 ,FALSE
501,27:28.3,out,Controller 25: 96,2,96,B1 19 60 ,FALSE
502,27:28.3,out,Controller 25: 95,2,95,B1 19 5F ,FALSE
503,27:28.3,out,Controller 25: 93,2,93,B1 19 5D ,FALSE
504,27:28.3,out,Controller 25: 92,2,92,B1 19 5C ,FALSE
505,27:28.3,out,Controller 25: 90,2,90,B1 19 5A ,FALSE
506,27:28.3,out,Controller 25: 88,2,88,B1 19 58 ,FALSE
507,27:28.3,out,Controller 25: 87,2,87,B1 19 57 ,FALSE
508,27:28.3,out,Controller 25: 85,2,85,B1 19 55 ,FALSE
509,27:28.3,out,Controller 25: 83,2,83,B1 19 53 ,FALSE
510,27:28.3,out,Controller 25: 81,2,81,B1 19 51 ,FALSE
511,27:28.3,out,Controller 25: 80,2,80,B1 19 50 ,FALSE
512,27:28.3,out,Controller 25: 78,2,78,B1 19 4E ,FALSE
513,27:28.3,out,Controller 25: 76,2,76,B1 19 4C ,FALSE
514,27:28.3,out,Controller 25: 75,2,75,B1 19 4B ,FALSE
515,27:28.4,out,Controller 25: 73,2,73,B1 19 49 ,FALSE
516,27:28.4,out,Controller 25: 72,2,72,B1 19 48 ,FALSE
517,27:28.4,out,Controller 25: 70,2,70,B1 19 46 ,FALSE
518,27:28.4,out,Controller 25: 67,2,67,B1 19 43 ,FALSE
519,27:28.4,out,Controller 25: 64,2,64,B1 19 40 ,FALSE
520,27:28.4,out,Controller 25: 63,2,63,B1 19 3F ,FALSE
521,27:28.4,out,Controller 25: 61,2,61,B1 19 3D ,FALSE
522,27:28.4,out,Controller 25: 59,2,59,B1 19 3B ,FALSE
523,27:28.4,out,Controller 25: 57,2,57,B1 19 39 ,FALSE
524,27:28.5,out,Controller 25: 55,2,55,B1 19 37 ,FALSE
525,27:28.5,out,Controller 25: 53,2,53,B1 19 35 ,FALSE
526,27:28.5,out,Controller 25: 52,2,52,B1 19 34 ,FALSE
527,27:28.5,out,Controller 25: 51,2,51,B1 19 33 ,FALSE
528,27:29.1,out,Controller 25: 125,1,125,B0 19 7D ,FALSE
529,27:29.1,out,Controller 25: 123,1,123,B0 19 7B ,FALSE
530,27:29.1,out,Controller 25: 121,1,121,B0 19 79 ,FALSE
531,27:29.1,out,Controller 25: 119,1,119,B0 19 77 ,FALSE
532,27:29.1,out,Controller 25: 117,1,117,B0 19 75 ,FALSE
533,27:29.1,out,Controller 25: 115,1,115,B0 19 73 ,FALSE
534,27:29.1,out,Controller 25: 114,1,114,B0 19 72 ,FALSE
535,27:29.1,out,Controller 25: 112,1,112,B0 19 70 ,FALSE
536,27:29.1,out,Controller 25: 111,1,111,B0 19 6F ,FALSE
537,27:29.1,out,Controller 25: 109,1,109,B0 19 6D ,FALSE
538,27:29.1,out,Controller 25: 107,1,107,B0 19 6B ,FALSE
539,27:29.2,out,Controller 25: 106,1,106,B0 19 6A ,FALSE
540,27:29.2,out,Controller 25: 104,1,104,B0 19 68 ,FALSE
541,27:29.2,out,Controller 25: 102,1,102,B0 19 66 ,FALSE
542,27:29.2,out,Controller 25: 101,1,101,B0 19 65 ,FALSE
543,27:29.2,out,Controller 25: 99,1,99,B0 19 63 ,FALSE
544,27:29.2,out,Controller 25: 97,1,97,B0 19 61 ,FALSE
545,27:29.2,out,Controller 25: 96,1,96,B0 19 60 ,FALSE
546,27:29.2,out,Controller 25: 94,1,94,B0 19 5E ,FALSE
547,27:29.2,out,Controller 25: 92,1,92,B0 19 5C ,FALSE
548,27:29.2,out,Controller 25: 91,1,91,B0 19 5B ,FALSE
549,27:29.2,out,Controller 25: 89,1,89,B0 19 59 ,FALSE
550,27:29.2,out,Controller 25: 88,1,88,B0 19 58 ,FALSE
551,27:29.2,out,Controller 25: 86,1,86,B0 19 56 ,FALSE
552,27:29.3,out,Controller 25: 85,1,85,B0 19 55 ,FALSE
553,27:29.3,out,Controller 25: 83,1,83,B0 19 53 ,FALSE
554,27:29.3,out,Controller 25: 82,1,82,B0 19 52 ,FALSE
555,27:29.3,out,Controller 25: 80,1,80,B0 19 50 ,FALSE
556,27:29.3,out,Controller 25: 79,1,79,B0 19 4F ,FALSE
557,27:29.3,out,Controller 25: 78,1,78,B0 19 4E ,FALSE
558,27:29.3,out,Controller 25: 77,1,77,B0 19 4D ,FALSE
559,27:29.3,out,Controller 25: 76,1,76,B0 19 4C ,FALSE
560,27:29.3,out,Controller 25: 75,1,75,B0 19 4B ,FALSE
561,27:29.3,out,Controller 25: 74,1,74,B0 19 4A ,FALSE
562,27:29.3,out,Controller 25: 73,1,73,B0 19 49 ,FALSE
563,27:29.3,out,Controller 25: 72,1,72,B0 19 48 ,FALSE
564,27:29.4,out,Controller 25: 71,1,71,B0 19 47 ,FALSE
565,27:29.4,out,Controller 25: 69,1,69,B0 19 45 ,FALSE
566,27:29.4,out,Controller 25: 68,1,68,B0 19 44 ,FALSE
567,27:29.4,out,Controller 25: 66,1,66,B0 19 42 ,FALSE
568,27:29.4,out,Controller 25: 65,1,65,B0 19 41 ,FALSE
569,27:29.9,out,Controller 25: 52,2,52,B1 19 34 ,FALSE
570,27:29.9,out,Controller 25: 53,2,53,B1 19 35 ,FALSE
571,27:30.0,out,Controller 25: 54,2,54,B1 19 36 ,FALSE
572,27:30.0,out,Controller 25: 55,2,55,B1 19 37 ,FALSE
573,27:30.0,out,Controller 25: 57,2,57,B1 19 39 ,FALSE
574,27:30.0,out,Controller 25: 59,2,59,B1 19 3B ,FALSE
575,27:30.0,out,Controller 25: 61,2,61,B1 19 3D ,FALSE
576,27:30.0,out,Controller 25: 63,2,63,B1 19 3F ,FALSE
577,27:30.0,out,Controller 25: 64,2,64,B1 19 40 ,FALSE
578,27:30.5,out,Controller 26: 1,2,1,B1 1A 01 ,FALSE
579,27:30.5,out,Controller 26: 2,2,2,B1 1A 02 ,FALSE
580,27:30.6,out,Controller 26: 3,2,3,B1 1A 03 ,FALSE
581,27:30.6,out,Controller 26: 5,2,5,B1 1A 05 ,FALSE
582,27:30.6,out,Controller 26: 7,2,7,B1 1A 07 ,FALSE
583,27:30.6,out,Controller 26: 9,2,9,B1 1A 09 ,FALSE
584,27:30.6,out,Controller 26: 10,2,10,B1 1A 0A ,FALSE
585,27:30.6,out,Controller 26: 12,2,12,B1 1A 0C ,FALSE
586,27:30.6,out,Controller 26: 13,2,13,B1 1A 0D ,FALSE
587,27:30.6,out,Controller 26: 15,2,15,B1 1A 0F ,FALSE
588,27:30.6,out,Controller 26: 16,2,16,B1 1A 10 ,FALSE
589,27:30.6,out,Controller 26: 17,2,17,B1 1A 11 ,FALSE
590,27:30.6,out,Controller 26: 19,2,19,B1 1A 13 ,FALSE
591,27:30.6,out,Controller 26: 20,2,20,B1 1A 14 ,FALSE
592,27:30.6,out,Controller 26: 22,2,22,B1 1A 16 ,FALSE
593,27:30.7,out,Controller 26: 23,2,23,B1 1A 17 ,FALSE
594,27:30.7,out,Controller 26: 25,2,25,B1 1A 19 ,FALSE
595,27:30.7,out,Controller 26: 26,2,26,B1 1A 1A ,FALSE
596,27:30.7,out,Controller 26: 28,2,28,B1 1A 1C ,FALSE
597,27:30.7,out,Controller 26: 30,2,30,B1 1A 1E ,FALSE
598,27:30.7,out,Controller 26: 32,2,32,B1 1A 20 ,FALSE
599,27:30.7,out,Controller 26: 34,2,34,B1 1A 22 ,FALSE
600,27:30.7,out,Controller 26: 35,2,35,B1 1A 23 ,FALSE
601,27:30.7,out,Controller 26: 37,2,37,B1 1A 25 ,FALSE
602,27:30.7,out,Controller 26: 38,2,38,B1 1A 26 ,FALSE
603,27:30.7,out,Controller 26: 40,2,40,B1 1A 28 ,FALSE
604,27:30.7,out,Controller 26: 41,2,41,B1 1A 29 ,FALSE
605,27:30.7,out,Controller 26: 43,2,43,B1 1A 2B ,FALSE
606,27:30.8,out,Controller 26: 44,2,44,B1 1A 2C ,FALSE
607,27:30.8,out,Controller 26: 45,2,45,B1 1A 2D ,FALSE
608,27:30.8,out,Controller 26: 46,2,46,B1 1A 2E ,FALSE
609,27:30.8,out,Controller 26: 48,2,48,B1 1A 30 ,FALSE
610,27:30.8,out,Controller 26: 49,2,49,B1 1A 31 ,FALSE
611,27:30.8,out,Controller 26: 50,2,50,B1 1A 32 ,FALSE
612,27:30.8,out,Controller 26: 51,2,51,B1 1A 33 ,FALSE
613,27:30.8,out,Controller 26: 52,2,52,B1 1A 34 ,FALSE
614,27:30.9,out,Controller 26: 53,2,53,B1 1A 35 ,FALSE
615,27:30.9,out,Controller 26: 54,2,54,B1 1A 36 ,FALSE
616,27:30.9,out,Controller 26: 55,2,55,B1 1A 37 ,FALSE
617,27:30.9,out,Controller 26: 56,2,56,B1 1A 38 ,FALSE
618,27:30.9,out,Controller 26: 57,2,57,B1 1A 39 ,FALSE
619,27:30.9,out,Controller 26: 58,2,58,B1 1A 3A ,FALSE
620,27:31.0,out,Controller 26: 59,2,59,B1 1A 3B ,FALSE
621,27:31.0,out,Controller 26: 60,2,60,B1 1A 3C ,FALSE
622,27:31.0,out,Controller 26: 61,2,61,B1 1A 3D ,FALSE
623,27:31.0,out,Controller 26: 62,2,62,B1 1A 3E ,FALSE
624,27:31.0,out,Controller 26: 63,2,63,B1 1A 3F ,FALSE
625,27:31.0,out,Controller 26: 64,2,64,B1 1A 40 ,FALSE
626,27:31.6,out,Controller 26: 18,1,18,B0 1A 12 ,FALSE
627,27:31.6,out,Controller 26: 20,1,20,B0 1A 14 ,FALSE
628,27:31.6,out,Controller 26: 21,1,21,B0 1A 15 ,FALSE
629,27:31.6,out,Controller 26: 23,1,23,B0 1A 17 ,FALSE
630,27:31.6,out,Controller 26: 24,1,24,B0 1A 18 ,FALSE
631,27:31.6,out,Controller 26: 26,1,26,B0 1A 1A ,FALSE
632,27:31.6,out,Controller 26: 28,1,28,B0 1A 1C ,FALSE
633,27:31.6,out,Controller 26: 29,1,29,B0 1A 1D ,FALSE
634,27:31.6,out,Controller 26: 31,1,31,B0 1A 1F ,FALSE
635,27:31.6,out,Controller 26: 32,1,32,B0 1A 20 ,FALSE
636,27:31.6,out,Controller 26: 34,1,34,B0 1A 22 ,FALSE
637,27:31.6,out,Controller 26: 35,1,35,B0 1A 23 ,FALSE
638,27:31.7,out,Controller 26: 37,1,37,B0 1A 25 ,FALSE
639,27:31.7,out,Controller 26: 38,1,38,B0 1A 26 ,FALSE
640,27:31.7,out,Controller 26: 40,1,40,B0 1A 28 ,FALSE
641,27:31.7,out,Controller 26: 41,1,41,B0 1A 29 ,FALSE
642,27:31.7,out,Controller 26: 43,1,43,B0 1A 2B ,FALSE
643,27:31.7,out,Controller 26: 44,1,44,B0 1A 2C ,FALSE
644,27:31.7,out,Controller 26: 45,1,45,B0 1A 2D ,FALSE
645,27:31.7,out,Controller 26: 47,1,47,B0 1A 2F ,FALSE
646,27:31.7,out,Controller 26: 48,1,48,B0 1A 30 ,FALSE
647,27:31.7,out,Controller 26: 49,1,49,B0 1A 31 ,FALSE
648,27:31.7,out,Controller 26: 50,1,50,B0 1A 32 ,FALSE
649,27:31.7,out,Controller 26: 51,1,51,B0 1A 33 ,FALSE
650,27:31.7,out,Controller 26: 52,1,52,B0 1A 34 ,FALSE
651,27:31.7,out,Controller 26: 53,1,53,B0 1A 35 ,FALSE
652,27:31.8,out,Controller 26: 54,1,54,B0 1A 36 ,FALSE
653,27:31.8,out,Controller 26: 55,1,55,B0 1A 37 ,FALSE
654,27:31.8,out,Controller 26: 56,1,56,B0 1A 38 ,FALSE
655,27:31.8,out,Controller 26: 57,1,57,B0 1A 39 ,FALSE
656,27:31.8,out,Controller 26: 58,1,58,B0 1A 3A ,FALSE
657,27:31.8,out,Controller 26: 59,1,59,B0 1A 3B ,FALSE
658,27:31.8,out,Controller 26: 60,1,60,B0 1A 3C ,FALSE
659,27:31.8,out,Controller 26: 61,1,61,B0 1A 3D ,FALSE
660,27:31.8,out,Controller 26: 63,1,63,B0 1A 3F ,FALSE
661,27:31.8,out,Controller 26: 64,1,64,B0 1A 40 ,FALSE
662,27:32.3,out,Controller 28: 1,1,1,B0 1C 01 ,FALSE
663,27:32.3,out,Controller 28: 3,1,3,B0 1C 03 ,FALSE
664,27:32.3,out,Controller 28: 4,1,4,B0 1C 04 ,FALSE
665,27:32.3,out,Controller 28: 8,1,8,B0 1C 08 ,FALSE
666,27:32.3,out,Controller 28: 14,1,14,B0 1C 0E ,FALSE
667,27:32.3,out,Controller 28: 23,1,23,B0 1C 17 ,FALSE
668,27:32.4,out,Controller 28: 29,1,29,B0 1C 1D ,FALSE
669,27:32.4,out,Controller 28: 32,1,32,B0 1C 20 ,FALSE
670,27:32.4,out,Controller 28: 38,1,38,B0 1C 26 ,FALSE
671,27:32.4,out,Controller 28: 45,1,45,B0 1C 2D ,FALSE
672,27:32.4,out,Controller 28: 49,1,49,B0 1C 31 ,FALSE
673,27:32.4,out,Controller 28: 52,1,52,B0 1C 34 ,FALSE
674,27:32.4,out,Controller 28: 57,1,57,B0 1C 39 ,FALSE
675,27:32.4,out,Controller 28: 62,1,62,B0 1C 3E ,FALSE
676,27:32.4,out,Controller 28: 63,1,63,B0 1C 3F ,FALSE
677,27:32.4,out,Controller 28: 71,1,71,B0 1C 47 ,FALSE
678,27:32.4,out,Controller 28: 85,1,85,B0 1C 55 ,FALSE
679,27:32.4,out,Controller 28: 100,1,100,B0 1C 64 ,FALSE
680,27:32.4,out,Controller 28: 112,1,112,B0 1C 70 ,FALSE
681,27:32.5,out,Controller 28: 125,1,125,B0 1C 7D ,FALSE
682,27:32.5,out,Controller 28: 127,1,127,B0 1C 7F ,FALSE
683,27:33.3,out,Controller 9: 57,2,57,B1 09 39 ,FALSE
684,27:33.3,out,Controller 41: 102,2,102,B1 29 66 ,FALSE
685,27:33.3,out,Controller 9: 57,2,57,B1 09 39 ,FALSE
686,27:33.3,out,Controller 41: 101,2,101,B1 29 65 ,FALSE
687,27:33.3,out,Controller 9: 56,2,56,B1 09 38 ,FALSE
688,27:33.3,out,Controller 41: 87,2,87,B1 29 57 ,FALSE
689,27:33.3,out,Controller 9: 56,2,56,B1 09 38 ,FALSE
690,27:33.3,out,Controller 41: 86,2,86,B1 29 56 ,FALSE
691,27:33.3,out,Controller 9: 55,2,55,B1 09 37 ,FALSE
692,27:33.3,out,Controller 41: 87,2,87,B1 29 57 ,FALSE
693,27:33.3,out,Controller 9: 55,2,55,B1 09 37 ,FALSE
694,27:33.3,out,Controller 41: 85,2,85,B1 29 55 ,FALSE
695,27:33.3,out,Controller 9: 54,2,54,B1 09 36 ,FALSE
696,27:33.3,out,Controller 41: 77,2,77,B1 29 4D ,FALSE
697,27:33.3,out,Controller 9: 54,2,54,B1 09 36 ,FALSE
698,27:33.3,out,Controller 41: 75,2,75,B1 29 4B ,FALSE
699,27:33.4,out,Controller 9: 53,2,53,B1 09 35 ,FALSE
700,27:33.4,out,Controller 41: 64,2,64,B1 29 40 ,FALSE
701,27:33.4,out,Controller 9: 53,2,53,B1 09 35 ,FALSE
702,27:33.4,out,Controller 41: 63,2,63,B1 29 3F ,FALSE
703,27:33.4,out,Controller 9: 52,2,52,B1 09 34 ,FALSE
704,27:33.4,out,Controller 41: 37,2,37,B1 29 25 ,FALSE
705,27:33.4,out,Controller 9: 52,2,52,B1 09 34 ,FALSE
706,27:33.4,out,Controller 41: 36,2,36,B1 29 24 ,FALSE
707,27:33.4,out,Controller 9: 51,2,51,B1 09 33 ,FALSE
708,27:33.4,out,Controller 41: 20,2,20,B1 29 14 ,FALSE
709,27:33.4,out,Controller 9: 51,2,51,B1 09 33 ,FALSE
710,27:33.4,out,Controller 41: 19,2,19,B1 29 13 ,FALSE
711,27:33.4,out,Controller 9: 50,2,50,B1 09 32 ,FALSE
712,27:33.4,out,Controller 41: 0,2,0,B1 29 00 ,FALSE
713,27:33.4,out,Controller 9: 49,2,49,B1 09 31 ,FALSE
714,27:33.4,out,Controller 41: 127,2,127,B1 29 7F ,FALSE
715,27:33.4,out,Controller 9: 48,2,48,B1 09 30 ,FALSE
716,27:33.4,out,Controller 41: 114,2,114,B1 29 72 ,FALSE
717,27:33.4,out,Controller 9: 48,2,48,B1 09 30 ,FALSE
718,27:33.4,out,Controller 41: 112,2,112,B1 29 70 ,FALSE
719,27:33.4,out,Controller 9: 47,2,47,B1 09 2F ,FALSE
720,27:33.4,out,Controller 41: 109,2,109,B1 29 6D ,FALSE
721,27:33.4,out,Controller 9: 47,2,47,B1 09 2F ,FALSE
722,27:33.4,out,Controller 41: 108,2,108,B1 29 6C ,FALSE
723,27:33.4,out,Controller 9: 46,2,46,B1 09 2E ,FALSE
724,27:33.4,out,Controller 41: 95,2,95,B1 29 5F ,FALSE
725,27:33.4,out,Controller 9: 46,2,46,B1 09 2E ,FALSE
726,27:33.4,out,Controller 41: 94,2,94,B1 29 5E ,FALSE
727,27:33.5,out,Controller 9: 45,2,45,B1 09 2D ,FALSE
728,27:33.5,out,Controller 41: 41,2,41,B1 29 29 ,FALSE
729,27:33.5,out,Controller 9: 45,2,45,B1 09 2D ,FALSE
730,27:33.5,out,Controller 41: 40,2,40,B1 29 28 ,FALSE
731,27:33.5,out,Controller 9: 43,2,43,B1 09 2B ,FALSE
732,27:33.5,out,Controller 41: 87,2,87,B1 29 57 ,FALSE
733,27:33.5,out,Controller 9: 42,2,42,B1 09 2A ,FALSE
734,27:33.5,out,Controller 41: 99,2,99,B1 29 63 ,FALSE
735,27:33.5,out,Controller 9: 41,2,41,B1 09 29 ,FALSE
736,27:33.5,out,Controller 41: 100,2,100,B1 29 64 ,FALSE
737,27:33.5,out,Controller 9: 40,2,40,B1 09 28 ,FALSE
738,27:33.5,out,Controller 41: 107,2,107,B1 29 6B ,FALSE
739,27:33.5,out,Controller 9: 39,2,39,B1 09 27 ,FALSE
740,27:33.5,out,Controller 41: 116,2,116,B1 29 74 ,FALSE
741,27:33.5,out,Controller 9: 39,2,39,B1 09 27 ,FALSE
742,27:33.5,out,Controller 41: 3,2,3,B1 29 03 ,FALSE
743,27:33.5,out,Controller 9: 38,2,38,B1 09 26 ,FALSE
744,27:33.5,out,Controller 41: 16,2,16,B1 29 10 ,FALSE
745,27:33.5,out,Controller 9: 37,2,37,B1 09 25 ,FALSE
746,27:33.5,out,Controller 41: 31,2,31,B1 29 1F ,FALSE
747,27:33.5,out,Controller 9: 37,2,37,B1 09 25 ,FALSE
748,27:33.5,out,Controller 41: 30,2,30,B1 29 1E ,FALSE
749,27:33.5,out,Controller 9: 35,2,35,B1 09 23 ,FALSE
750,27:33.5,out,Controller 41: 104,2,104,B1 29 68 ,FALSE
751,27:33.5,out,Controller 9: 35,2,35,B1 09 23 ,FALSE
752,27:33.5,out,Controller 41: 103,2,103,B1 29 67 ,FALSE
753,27:33.6,out,Controller 9: 34,2,34,B1 09 22 ,FALSE
754,27:33.6,out,Controller 41: 49,2,49,B1 29 31 ,FALSE
755,27:33.6,out,Controller 9: 34,2,34,B1 09 22 ,FALSE
756,27:33.6,out,Controller 41: 48,2,48,B1 29 30 ,FALSE
757,27:33.6,out,Controller 9: 33,2,33,B1 09 21 ,FALSE
758,27:33.6,out,Controller 41: 12,2,12,B1 29 0C ,FALSE
759,27:33.6,out,Controller 9: 33,2,33,B1 09 21 ,FALSE
760,27:33.6,out,Controller 41: 11,2,11,B1 29 0B ,FALSE
761,27:33.6,out,Controller 9: 31,2,31,B1 09 1F ,FALSE
762,27:33.6,out,Controller 41: 96,2,96,B1 29 60 ,FALSE
763,27:33.6,out,Controller 9: 31,2,31,B1 09 1F ,FALSE
764,27:33.6,out,Controller 41: 95,2,95,B1 29 5F ,FALSE
765,27:33.6,out,Controller 9: 30,2,30,B1 09 1E ,FALSE
766,27:33.6,out,Controller 41: 46,2,46,B1 29 2E ,FALSE
767,27:33.6,out,Controller 9: 30,2,30,B1 09 1E ,FALSE
768,27:33.6,out,Controller 41: 45,2,45,B1 29 2D ,FALSE
769,27:33.6,out,Controller 9: 28,2,28,B1 09 1C ,FALSE
770,27:33.6,out,Controller 41: 116,2,116,B1 29 74 ,FALSE
771,27:33.6,out,Controller 9: 28,2,28,B1 09 1C ,FALSE
772,27:33.6,out,Controller 41: 115,2,115,B1 29 73 ,FALSE
773,27:33.6,out,Controller 9: 27,2,27,B1 09 1B ,FALSE
774,27:33.6,out,Controller 41: 70,2,70,B1 29 46 ,FALSE
775,27:33.6,out,Controller 9: 27,2,27,B1 09 1B ,FALSE
776,27:33.6,out,Controller 41: 69,2,69,B1 29 45 ,FALSE
777,27:33.6,out,Controller 9: 26,2,26,B1 09 1A ,FALSE
778,27:33.6,out,Controller 41: 42,2,42,B1 29 2A ,FALSE
779,27:33.7,out,Controller 9: 26,2,26,B1 09 1A ,FALSE
780,27:33.7,out,Controller 41: 41,2,41,B1 29 29 ,FALSE
781,27:33.7,out,Controller 9: 25,2,25,B1 09 19 ,FALSE
782,27:33.7,out,Controller 41: 35,2,35,B1 29 23 ,FALSE
783,27:33.7,out,Controller 9: 25,2,25,B1 09 19 ,FALSE
784,27:33.7,out,Controller 41: 34,2,34,B1 29 22 ,FALSE
785,27:33.7,out,Controller 9: 24,2,24,B1 09 18 ,FALSE
786,27:33.7,out,Controller 41: 54,2,54,B1 29 36 ,FALSE
787,27:33.7,out,Controller 9: 24,2,24,B1 09 18 ,FALSE
788,27:33.7,out,Controller 41: 53,2,53,B1 29 35 ,FALSE
789,27:33.7,out,Controller 9: 24,2,24,B1 09 18 ,FALSE
790,27:33.7,out,Controller 41: 52,2,52,B1 29 34 ,FALSE
791,27:33.7,out,Controller 9: 24,2,24,B1 09 18 ,FALSE
792,27:33.7,out,Controller 41: 51,2,51,B1 29 33 ,FALSE
793,27:33.7,out,Controller 9: 24,2,24,B1 09 18 ,FALSE
794,27:33.7,out,Controller 41: 50,2,50,B1 29 32 ,FALSE
795,27:33.7,out,Controller 9: 24,2,24,B1 09 18 ,FALSE
796,27:33.7,out,Controller 41: 49,2,49,B1 29 31 ,FALSE
797,27:33.7,out,Controller 9: 24,2,24,B1 09 18 ,FALSE
798,27:33.7,out,Controller 41: 48,2,48,B1 29 30 ,FALSE
799,27:33.7,out,Controller 9: 24,2,24,B1 09 18 ,FALSE
800,27:33.7,out,Controller 41: 46,2,46,B1 29 2E ,FALSE
801,27:33.8,out,Controller 9: 24,2,24,B1 09 18 ,FALSE
802,27:33.8,out,Controller 41: 45,2,45,B1 29 2D ,FALSE
803,27:33.8,out,Controller 9: 24,2,24,B1 09 18 ,FALSE
804,27:33.8,out,Controller 41: 44,2,44,B1 29 2C ,FALSE
805,27:33.8,out,Controller 9: 24,2,24,B1 09 18 ,FALSE
806,27:33.8,out,Controller 41: 43,2,43,B1 29 2B ,FALSE
807,27:33.8,out,Controller 9: 24,2,24,B1 09 18 ,FALSE
808,27:33.8,out,Controller 41: 42,2,42,B1 29 2A ,FALSE
809,27:33.8,out,Controller 9: 24,2,24,B1 09 18 ,FALSE
810,27:33.8,out,Controller 41: 41,2,41,B1 29 29 ,FALSE
811,27:33.8,out,Controller 9: 24,2,24,B1 09 18 ,FALSE
812,27:33.8,out,Controller 41: 40,2,40,B1 29 28 ,FALSE
813,27:33.9,out,Controller 9: 24,2,24,B1 09 18 ,FALSE
814,27:33.9,out,Controller 41: 39,2,39,B1 29 27 ,FALSE
815,27:33.9,out,Controller 9: 24,2,24,B1 09 18 ,FALSE
816,27:33.9,out,Controller 41: 38,2,38,B1 29 26 ,FALSE
817,27:34.0,out,Controller 9: 24,2,24,B1 09 18 ,FALSE
818,27:34.0,out,Controller 41: 37,2,37,B1 29 25 ,FALSE
819,27:34.4,out,Controller 28: 1,2,1,B1 1C 01 ,FALSE
820,27:34.4,out,Controller 28: 2,2,2,B1 1C 02 ,FALSE
821,27:34.4,out,Controller 28: 3,2,3,B1 1C 03 ,FALSE
822,27:34.4,out,Controller 28: 5,2,5,B1 1C 05 ,FALSE
823,27:34.4,out,Controller 28: 9,2,9,B1 1C 09 ,FALSE
824,27:34.4,out,Controller 28: 13,2,13,B1 1C 0D ,FALSE
825,27:34.4,out,Controller 28: 17,2,17,B1 1C 11 ,FALSE
826,27:34.4,out,Controller 28: 22,2,22,B1 1C 16 ,FALSE
827,27:34.5,out,Controller 28: 27,2,27,B1 1C 1B ,FALSE
828,27:34.5,out,Controller 28: 33,2,33,B1 1C 21 ,FALSE
829,27:34.5,out,Controller 28: 39,2,39,B1 1C 27 ,FALSE
830,27:34.5,out,Controller 28: 47,2,47,B1 1C 2F ,FALSE
831,27:34.5,out,Controller 28: 56,2,56,B1 1C 38 ,FALSE
832,27:34.5,out,Controller 28: 63,2,63,B1 1C 3F ,FALSE
833,27:34.5,out,Controller 28: 69,2,69,B1 1C 45 ,FALSE
834,27:34.5,out,Controller 28: 79,2,79,B1 1C 4F ,FALSE
835,27:34.5,out,Controller 28: 88,2,88,B1 1C 58 ,FALSE
836,27:34.5,out,Controller 28: 97,2,97,B1 1C 61 ,FALSE
837,27:34.5,out,Controller 28: 104,2,104,B1 1C 68 ,FALSE
838,27:34.5,out,Controller 28: 111,2,111,B1 1C 6F ,FALSE
839,27:34.5,out,Controller 28: 117,2,117,B1 1C 75 ,FALSE
840,27:34.6,out,Controller 28: 123,2,123,B1 1C 7B ,FALSE
841,27:34.6,out,Controller 28: 126,2,126,B1 1C 7E ,FALSE
842,27:34.6,out,Controller 28: 127,2,127,B1 1C 7F ,FALSE
843,27:35.0,out,Controller Data Entry (coarse): 127,2,127,B1 06 7F ,FALSE
844,27:35.0,out,Note on F#-2 Velocity 127,2,127,91 06 7F ,FALSE
845,27:35.0,out,Controller Data Entry (coarse): 127,2,127,B1 06 7F ,FALSE
846,27:35.0,out,Controller Data Entry (coarse): 127,2,127,B1 06 7F ,FALSE
847,27:35.0,out,Controller Data Entry (coarse): 127,2,127,B1 06 7F ,FALSE
848,27:35.0,out,Note off F#-2 Velocity 0,2,0,91 06 00 ,FALSE
849,27:35.1,out,Controller 9: 24,2,24,B1 09 18 ,FALSE
850,27:35.1,out,Controller 41: 38,2,38,B1 29 26 ,FALSE
851,27:35.1,out,Controller 9: 25,2,25,B1 09 19 ,FALSE
852,27:35.1,out,Controller 41: 80,2,80,B1 29 50 ,FALSE
853,27:35.1,out,Controller 9: 25,2,25,B1 09 19 ,FALSE
854,27:35.1,out,Controller 41: 81,2,81,B1 29 51 ,FALSE
855,27:35.1,out,Controller 9: 27,2,27,B1 09 1B ,FALSE
856,27:35.1,out,Controller 41: 10,2,10,B1 29 0A ,FALSE
857,27:35.1,out,Controller 9: 27,2,27,B1 09 1B ,FALSE
858,27:35.1,out,Controller 41: 11,2,11,B1 29 0B ,FALSE
859,27:35.1,out,Controller 9: 28,2,28,B1 09 1C ,FALSE
860,27:35.1,out,Controller 41: 49,2,49,B1 29 31 ,FALSE
861,27:35.1,out,Controller 9: 28,2,28,B1 09 1C ,FALSE
862,27:35.1,out,Controller 41: 50,2,50,B1 29 32 ,FALSE
863,27:35.1,out,Controller 9: 29,2,29,B1 09 1D ,FALSE
864,27:35.1,out,Controller 41: 104,2,104,B1 29 68 ,FALSE
865,27:35.1,out,Controller 9: 29,2,29,B1 09 1D ,FALSE
866,27:35.1,out,Controller 41: 105,2,105,B1 29 69 ,FALSE
867,27:35.1,out,Controller 9: 31,2,31,B1 09 1F ,FALSE
868,27:35.1,out,Controller 41: 46,2,46,B1 29 2E ,FALSE
869,27:35.1,out,Controller 9: 32,2,32,B1 09 20 ,FALSE
870,27:35.1,out,Controller 41: 26,2,26,B1 29 1A ,FALSE
871,27:35.1,out,Controller 9: 33,2,33,B1 09 21 ,FALSE
872,27:35.1,out,Controller 41: 16,2,16,B1 29 10 ,FALSE
873,27:35.2,out,Controller 9: 34,2,34,B1 09 22 ,FALSE
874,27:35.2,out,Controller 41: 8,2,8,B1 29 08 ,FALSE
875,27:35.2,out,Controller 9: 35,2,35,B1 09 23 ,FALSE
876,27:35.2,out,Controller 41: 11,2,11,B1 29 0B ,FALSE
877,27:35.2,out,Controller 9: 36,2,36,B1 09 24 ,FALSE
878,27:35.2,out,Controller 41: 17,2,17,B1 29 11 ,FALSE
879,27:35.2,out,Controller 9: 37,2,37,B1 09 25 ,FALSE
880,27:35.2,out,Controller 41: 25,2,25,B1 29 19 ,FALSE
881,27:35.2,out,Controller 9: 38,2,38,B1 09 26 ,FALSE
882,27:35.2,out,Controller 41: 43,2,43,B1 29 2B ,FALSE
883,27:35.2,out,Controller 9: 39,2,39,B1 09 27 ,FALSE
884,27:35.2,out,Controller 41: 58,2,58,B1 29 3A ,FALSE
885,27:35.2,out,Controller 9: 40,2,40,B1 09 28 ,FALSE
886,27:35.2,out,Controller 41: 80,2,80,B1 29 50 ,FALSE
887,27:35.2,out,Controller 9: 41,2,41,B1 09 29 ,FALSE
888,27:35.2,out,Controller 41: 100,2,100,B1 29 64 ,FALSE
889,27:35.2,out,Controller 9: 42,2,42,B1 09 2A ,FALSE
890,27:35.2,out,Controller 41: 112,2,112,B1 29 70 ,FALSE
891,27:35.2,out,Controller 9: 44,2,44,B1 09 2C ,FALSE
892,27:35.2,out,Controller 41: 2,2,2,B1 29 02 ,FALSE
893,27:35.2,out,Controller 9: 45,2,45,B1 09 2D ,FALSE
894,27:35.2,out,Controller 41: 27,2,27,B1 29 1B ,FALSE
895,27:35.2,out,Controller 9: 46,2,46,B1 09 2E ,FALSE
896,27:35.2,out,Controller 41: 42,2,42,B1 29 2A ,FALSE
897,27:35.2,out,Controller 9: 47,2,47,B1 09 2F ,FALSE
898,27:35.2,out,Controller 41: 55,2,55,B1 29 37 ,FALSE
899,27:35.3,out,Controller 9: 48,2,48,B1 09 30 ,FALSE
900,27:35.3,out,Controller 41: 78,2,78,B1 29 4E ,FALSE
901,27:35.3,out,Controller 9: 49,2,49,B1 09 31 ,FALSE
902,27:35.3,out,Controller 41: 89,2,89,B1 29 59 ,FALSE
903,27:35.3,out,Controller 9: 50,2,50,B1 09 32 ,FALSE
904,27:35.3,out,Controller 41: 98,2,98,B1 29 62 ,FALSE
905,27:35.3,out,Controller 9: 51,2,51,B1 09 33 ,FALSE
906,27:35.3,out,Controller 41: 91,2,91,B1 29 5B ,FALSE
907,27:35.3,out,Controller 9: 52,2,52,B1 09 34 ,FALSE
908,27:35.3,out,Controller 41: 93,2,93,B1 29 5D ,FALSE
909,27:35.3,out,Controller 9: 53,2,53,B1 09 35 ,FALSE
910,27:35.3,out,Controller 41: 90,2,90,B1 29 5A ,FALSE
911,27:35.3,out,Controller 9: 54,2,54,B1 09 36 ,FALSE
912,27:35.3,out,Controller 41: 74,2,74,B1 29 4A ,FALSE
913,27:35.3,out,Controller 9: 54,2,54,B1 09 36 ,FALSE
914,27:35.3,out,Controller 41: 75,2,75,B1 29 4B ,FALSE
915,27:35.3,out,Controller 9: 56,2,56,B1 09 38 ,FALSE
916,27:35.3,out,Controller 41: 24,2,24,B1 29 18 ,FALSE
917,27:35.3,out,Controller 9: 57,2,57,B1 09 39 ,FALSE
918,27:35.3,out,Controller 41: 0,2,0,B1 29 00 ,FALSE
919,27:35.3,out,Controller 9: 57,2,57,B1 09 39 ,FALSE
920,27:35.3,out,Controller 41: 108,2,108,B1 29 6C ,FALSE
921,27:35.3,out,Controller 9: 57,2,57,B1 09 39 ,FALSE
922,27:35.3,out,Controller 41: 109,2,109,B1 29 6D ,FALSE
923,27:35.3,out,Controller 9: 59,2,59,B1 09 3B ,FALSE
924,27:35.3,out,Controller 41: 48,2,48,B1 29 30 ,FALSE
925,27:35.3,out,Controller 9: 60,2,60,B1 09 3C ,FALSE
926,27:35.3,out,Controller 41: 22,2,22,B1 29 16 ,FALSE
927,27:35.4,out,Controller 9: 61,2,61,B1 09 3D ,FALSE
928,27:35.4,out,Controller 41: 0,2,0,B1 29 00 ,FALSE
929,27:35.4,out,Controller 9: 61,2,61,B1 09 3D ,FALSE
930,27:35.4,out,Controller 41: 1,2,1,B1 29 01 ,FALSE
931,27:35.4,out,Controller 9: 62,2,62,B1 09 3E ,FALSE
932,27:35.4,out,Controller 41: 73,2,73,B1 29 49 ,FALSE
933,27:35.4,out,Controller 9: 62,2,62,B1 09 3E ,FALSE
934,27:35.4,out,Controller 41: 74,2,74,B1 29 4A ,FALSE
935,27:35.4,out,Controller 9: 64,2,64,B1 09 40 ,FALSE
936,27:35.4,out,Controller 41: 0,2,0,B1 29 00 ,FALSE
937,27:35.4,out,Controller 9: 64,2,64,B1 09 40 ,FALSE
938,27:35.4,out,Controller 41: 34,2,34,B1 29 22 ,FALSE
939,27:35.5,out,Controller 9: 64,2,64,B1 09 40 ,FALSE
940,27:35.5,out,Controller 41: 35,2,35,B1 29 23 ,FALSE
941,27:35.5,out,Controller 9: 64,2,64,B1 09 40 ,FALSE
942,27:35.5,out,Controller 41: 36,2,36,B1 29 24 ,FALSE
943,27:35.5,out,Controller 9: 65,2,65,B1 09 41 ,FALSE
944,27:35.5,out,Controller 41: 11,2,11,B1 29 0B ,FALSE
945,27:36.1,out,Controller 28: 126,1,126,B0 1C 7E ,FALSE
946,27:36.1,out,Controller 28: 124,1,124,B0 1C 7C ,FALSE
947,27:36.1,out,Controller 28: 120,1,120,B0 1C 78 ,FALSE
948,27:36.1,out,Controller 28: 115,1,115,B0 1C 73 ,FALSE
949,27:36.1,out,Controller 28: 103,1,103,B0 1C 67 ,FALSE
950,27:36.1,out,Controller 28: 98,1,98,B0 1C 62 ,FALSE
951,27:36.1,out,Controller 28: 90,1,90,B0 1C 5A ,FALSE
952,27:36.1,out,Controller 28: 79,1,79,B0 1C 4F ,FALSE
953,27:36.1,out,Controller 28: 71,1,71,B0 1C 47 ,FALSE
954,27:36.1,out,Controller 28: 63,1,63,B0 1C 3F ,FALSE
955,27:36.1,out,Controller 28: 62,1,62,B0 1C 3E ,FALSE
956,27:36.1,out,Controller 28: 54,1,54,B0 1C 36 ,FALSE
957,27:36.2,out,Controller 28: 47,1,47,B0 1C 2F ,FALSE
958,27:36.2,out,Controller 28: 40,1,40,B0 1C 28 ,FALSE
959,27:36.2,out,Controller 28: 33,1,33,B0 1C 21 ,FALSE
960,27:36.2,out,Controller 28: 27,1,27,B0 1C 1B ,FALSE
961,27:36.2,out,Controller 28: 21,1,21,B0 1C 15 ,FALSE
962,27:36.2,out,Controller 28: 15,1,15,B0 1C 0F ,FALSE
963,27:36.2,out,Controller 28: 9,1,9,B0 1C 09 ,FALSE
964,27:36.2,out,Controller 28: 2,1,2,B0 1C 02 ,FALSE
965,27:36.2,out,Controller 28: 3,1,3,B0 1C 03 ,FALSE
966,27:36.2,out,Controller 28: 0,1,0,B0 1C 00 ,FALSE
967,27:36.7,out,Controller 28: 126,2,126,B1 1C 7E ,FALSE
968,27:36.7,out,Controller 28: 124,2,124,B1 1C 7C ,FALSE
969,27:36.7,out,Controller 28: 120,2,120,B1 1C 78 ,FALSE
970,27:36.7,out,Controller 28: 114,2,114,B1 1C 72 ,FALSE
971,27:36.7,out,Controller 28: 108,2,108,B1 1C 6C ,FALSE
972,27:36.7,out,Controller 28: 101,2,101,B1 1C 65 ,FALSE
973,27:36.8,out,Controller 28: 95,2,95,B1 1C 5F ,FALSE
974,27:36.8,out,Controller 28: 89,2,89,B1 1C 59 ,FALSE
975,27:36.8,out,Controller 28: 83,2,83,B1 1C 53 ,FALSE
976,27:36.8,out,Controller 28: 78,2,78,B1 1C 4E ,FALSE
977,27:36.8,out,Controller 28: 73,2,73,B1 1C 49 ,FALSE
978,27:36.8,out,Controller 28: 68,2,68,B1 1C 44 ,FALSE
979,27:36.8,out,Controller 28: 63,2,63,B1 1C 3F ,FALSE
980,27:36.8,out,Controller 28: 62,2,62,B1 1C 3E ,FALSE
981,27:36.8,out,Controller 28: 57,2,57,B1 1C 39 ,FALSE
982,27:36.8,out,Controller 28: 52,2,52,B1 1C 34 ,FALSE
983,27:36.8,out,Controller 28: 46,2,46,B1 1C 2E ,FALSE
984,27:36.8,out,Controller 28: 40,2,40,B1 1C 28 ,FALSE
985,27:36.8,out,Controller 28: 35,2,35,B1 1C 23 ,FALSE
986,27:36.9,out,Controller 28: 29,2,29,B1 1C 1D ,FALSE
987,27:36.9,out,Controller 28: 24,2,24,B1 1C 18 ,FALSE
988,27:36.9,out,Controller 28: 19,2,19,B1 1C 13 ,FALSE
989,27:36.9,out,Controller 28: 15,2,15,B1 1C 0F ,FALSE
990,27:36.9,out,Controller 28: 11,2,11,B1 1C 0B ,FALSE
991,27:36.9,out,Controller 28: 7,2,7,B1 1C 07 ,FALSE
992,27:36.9,out,Controller 28: 3,2,3,B1 1C 03 ,FALSE
993,27:36.9,out,Controller 28: 2,2,2,B1 1C 02 ,FALSE
994,27:36.9,out,Controller 28: 1,2,1,B1 1C 01 ,FALSE
995,27:36.9,out,Controller 28: 0,2,0,B1 1C 00 ,FALSE
996,27:37.6,out,Controller 3: 2,9,2,B8 03 02 ,FALSE
997,27:38.0,out,Controller 3: 0,9,0,B8 03 00 ,FALSE
998,27:38.5,out,Controller 3: 1,10,1,B9 03 01 ,FALSE
999,27:39.2,out,Controller 3: 0,10,0,B9 03 00 ,FALSE
