0,28:23.5,out,Controller 9: 0,1,0,B0 09 00 ,FALSE
1,28:23.5,out,Controller 41: 47,1,47,B0 29 2F ,FALSE
2,28:23.5,out,Controller 9: 0,1,0,B0 09 00 ,FALSE
3,28:23.5,out,Controller 41: 48,1,48,B0 29 30 ,FALSE
4,28:23.5,out,Controller 9: 1,1,1,B0 09 01 ,FALSE
5,28:23.5,out,Controller 41: 46,1,46,B0 29 2E ,FALSE
6,28:23.5,out,Controller 9: 1,1,1,B0 09 01 ,FALSE
7,28:23.5,out,Controller 41: 47,1,47,B0 29 2F ,FALSE
8,28:23.5,out,Controller 9: 2,1,2,B0 09 02 ,FALSE
9,28:23.5,out,Controller 41: 43,1,43,B0 29 2B ,FALSE
10,28:23.5,out,Controller 9: 2,1,2,B0 09 02 ,FALSE
11,28:23.5,out,Controller 41: 44,1,44,B0 29 2C ,FALSE
12,28:23.5,out,Controller 9: 3,1,3,B0 09 03 ,FALSE
13,28:23.5,out,Controller 41: 29,1,29,B0 29 1D ,FALSE
14,28:23.5,out,Controller 9: 3,1,3,B0 09 03 ,FALSE
15,28:23.5,out,Controller 41: 30,1,30,B0 29 1E ,FALSE
16,28:23.5,out,Controller 9: 4,1,4,B0 09 04 ,FALSE
17,28:23.5,out,Controller 41: 20,1,20,B0 29 14 ,FALSE
18,28:23.5,out,Controller 9: 4,1,4,B0 09 04 ,FALSE
19,28:23.5,out,Controller 41: 22,1,22,B0 29 16 ,FALSE
20,28:23.6,out,Controller 9: 5,1,5,B0 09 05 ,FALSE
21,28:23.6,out,Controller 41: 25,1,25,B0 29 19 ,FALSE
22,28:23.6,out,Controller 9: 5,1,5,B0 09 05 ,FALSE
23,28:23.6,out,Controller 41: 26,1,26,B0 29 1A ,FALSE
24,28:23.6,out,Controller 9: 6,1,6,B0 09 06 ,FALSE
25,28:23.6,out,Controller 41: 30,1,30,B0 29 1E ,FALSE
26,28:23.6,out,Controller 9: 6,1,6,B0 09 06 ,FALSE
27,28:23.6,out,Controller 41: 31,1,31,B0 29 1F ,FALSE
28,28:23.6,out,Controller 9: 7,1,7,B0 09 07 ,FALSE
29,28:23.6,out,Controller 41: 40,1,40,B0 29 28 ,FALSE
30,28:23.6,out,Controller 9: 7,1,7,B0 09 07 ,FALSE
31,28:23.6,out,Controller 41: 41,1,41,B0 29 29 ,FALSE
32,28:23.6,out,Controller 9: 8,1,8,B0 09 08 ,FALSE
33,28:23.6,out,Controller 41: 54,1,54,B0 29 36 ,FALSE
34,28:23.6,out,Controller 9: 8,1,8,B0 09 08 ,FALSE
35,28:23.6,out,Controller 41: 55,1,55,B0 29 37 ,FALSE
36,28:23.6,out,Controller 9: 9,1,9,B0 09 09 ,FALSE
37,28:23.6,out,Controller 41: 60,1,60,B0 29 3C ,FALSE
38,28:23.6,out,Controller 9: 9,1,9,B0 09 09 ,FALSE
39,28:23.6,out,Controller 41: 61,1,61,B0 29 3D ,FALSE
40,28:23.6,out,Controller 9: 10,1,10,B0 09 0A ,FALSE
41,28:23.6,out,Controller 41: 78,1,78,B0 29 4E ,FALSE
42,28:23.6,out,Controller 9: 10,1,10,B0 09 0A ,FALSE
43,28:23.6,out,Controller 41: 79,1,79,B0 29 4F ,FALSE
44,28:23.6,out,Controller 9: 11,1,11,B0 09 0B ,FALSE
45,28:23.6,out,Controller 41: 95,1,95,B0 29 5F ,FALSE
46,28:23.7,out,Controller 9: 11,1,11,B0 09 0B ,FALSE
47,28:23.7,out,Controller 41: 96,1,96,B0 29 60 ,FALSE
48,28:23.7,out,Controller 9: 12,1,12,B0 09 0C ,FALSE
49,28:23.7,out,Controller 41: 118,1,118,B0 29 76 ,FALSE
50,28:23.7,out,Controller 9: 12,1,12,B0 09 0C ,FALSE
51,28:23.7,out,Controller 41: 119,1,119,B0 29 77 ,FALSE
52,28:23.7,out,Controller 9: 14,1,14,B0 09 0E ,FALSE
53,28:23.7,out,Controller 41: 28,1,28,B0 29 1C ,FALSE
54,28:23.7,out,Controller 9: 14,1,14,B0 09 0E ,FALSE
55,28:23.7,out,Controller 41: 29,1,29,B0 29 1D ,FALSE
56,28:23.7,out,Controller 9: 15,1,15,B0 09 0F ,FALSE
57,28:23.7,out,Controller 41: 55,1,55,B0 29 37 ,FALSE
58,28:23.7,out,Controller 9: 15,1,15,B0 09 0F ,FALSE
59,28:23.7,out,Controller 41: 56,1,56,B0 29 38 ,FALSE
60,28:23.7,out,Controller 9: 16,1,16,B0 09 10 ,FALSE
61,28:23.7,out,Controller 41: 95,1,95,B0 29 5F ,FALSE
62,28:23.7,out,Controller 9: 16,1,16,B0 09 10 ,FALSE
63,28:23.7,out,Controller 41: 96,1,96,B0 29 60 ,FALSE
64,28:23.7,out,Controller 9: 18,1,18,B0 09 12 ,FALSE
65,28:23.7,out,Controller 41: 9,1,9,B0 29 09 ,FALSE
66,28:23.7,out,Controller 9: 18,1,18,B0 09 12 ,FALSE
67,28:23.7,out,Controller 41: 10,1,10,B0 29 0A ,FALSE
68,28:23.7,out,Controller 9: 19,1,19,B0 09 13 ,FALSE
69,28:23.7,out,Controller 41: 60,1,60,B0 29 3C ,FALSE
70,28:23.7,out,Controller 9: 19,1,19,B0 09 13 ,FALSE
71,28:23.7,out,Controller 41: 61,1,61,B0 29 3D ,FALSE
72,28:23.8,out,Controller 9: 20,1,20,B0 09 14 ,FALSE
73,28:23.8,out,Controller 41: 106,1,106,B0 29 6A ,FALSE
74,28:23.8,out,Controller 9: 20,1,20,B0 09 14 ,FALSE
75,28:23.8,out,Controller 41: 107,1,107,B0 29 6B ,FALSE
76,28:23.8,out,Controller 9: 22,1,22,B0 09 16 ,FALSE
77,28:23.8,out,Controller 41: 33,1,33,B0 29 21 ,FALSE
78,28:23.8,out,Controller 9: 22,1,22,B0 09 16 ,FALSE
79,28:23.8,out,Controller 41: 34,1,34,B0 29 22 ,FALSE
80,28:23.8,out,Controller 9: 23,1,23,B0 09 17 ,FALSE
81,28:23.8,out,Controller 41: 87,1,87,B0 29 57 ,FALSE
82,28:23.8,out,Controller 9: 23,1,23,B0 09 17 ,FALSE
83,28:23.8,out,Controller 41: 88,1,88,B0 29 58 ,FALSE
84,28:23.8,out,Controller 9: 25,1,25,B0 09 19 ,FALSE
85,28:23.8,out,Controller 41: 23,1,23,B0 29 17 ,FALSE
86,28:23.8,out,Controller 9: 25,1,25,B0 09 19 ,FALSE
87,28:23.8,out,Controller 41: 24,1,24,B0 29 18 ,FALSE
88,28:23.8,out,Controller 9: 26,1,26,B0 09 1A ,FALSE
89,28:23.8,out,Controller 41: 81,1,81,B0 29 51 ,FALSE
90,28:23.8,out,Controller 9: 26,1,26,B0 09 1A ,FALSE
91,28:23.8,out,Controller 41: 82,1,82,B0 29 52 ,FALSE
92,28:23.8,out,Controller 9: 28,1,28,B0 09 1C ,FALSE
93,28:23.8,out,Controller 41: 2,1,2,B0 29 02 ,FALSE
94,28:23.8,out,Controller 9: 28,1,28,B0 09 1C ,FALSE
95,28:23.8,out,Controller 41: 3,1,3,B0 29 03 ,FALSE
96,28:23.8,out,Controller 9: 29,1,29,B0 09 1D ,FALSE
97,28:23.8,out,Controller 41: 44,1,44,B0 29 2C ,FALSE
98,28:23.8,out,Controller 9: 29,1,29,B0 09 1D ,FALSE
99,28:23.8,out,Controller 41: 45,1,45,B0 29 2D ,FALSE
100,28:23.9,out,Controller 9: 30,1,30,B0 09 1E ,FALSE
101,28:23.9,out,Controller 41: 93,1,93,B0 29 5D ,FALSE
102,28:23.9,out,Controller 9: 30,1,30,B0 09 1E ,FALSE
103,28:23.9,out,Controller 41: 94,1,94,B0 29 5E ,FALSE
104,28:23.9,out,Controller 9: 32,1,32,B0 09 20 ,FALSE
105,28:23.9,out,Controller 41: 2,1,2,B0 29 02 ,FALSE
106,28:23.9,out,Controller 9: 32,1,32,B0 09 20 ,FALSE
107,28:23.9,out,Controller 41: 3,1,3,B0 29 03 ,FALSE
108,28:23.9,out,Controller 9: 33,1,33,B0 09 21 ,FALSE
109,28:23.9,out,Controller 41: 41,1,41,B0 29 29 ,FALSE
110,28:23.9,out,Controller 9: 33,1,33,B0 09 21 ,FALSE
111,28:23.9,out,Controller 41: 42,1,42,B0 29 2A ,FALSE
112,28:23.9,out,Controller 9: 34,1,34,B0 09 22 ,FALSE
113,28:23.9,out,Controller 41: 60,1,60,B0 29 3C ,FALSE
114,28:23.9,out,Controller 9: 34,1,34,B0 09 22 ,FALSE
115,28:23.9,out,Controller 41: 61,1,61,B0 29 3D ,FALSE
116,28:23.9,out,Controller 9: 35,1,35,B0 09 23 ,FALSE
117,28:23.9,out,Controller 41: 82,1,82,B0 29 52 ,FALSE
118,28:23.9,out,Controller 9: 35,1,35,B0 09 23 ,FALSE
119,28:23.9,out,Controller 41: 83,1,83,B0 29 53 ,FALSE
120,28:23.9,out,Controller 9: 36,1,36,B0 09 24 ,FALSE
121,28:23.9,out,Controller 41: 104,1,104,B0 29 68 ,FALSE
122,28:23.9,out,Controller 9: 36,1,36,B0 09 24 ,FALSE
123,28:23.9,out,Controller 41: 105,1,105,B0 29 69 ,FALSE
124,28:23.9,out,Controller 9: 38,1,38,B0 09 26 ,FALSE
125,28:23.9,out,Controller 41: 2,1,2,B0 29 02 ,FALSE
126,28:24.0,out,Controller 9: 38,1,38,B0 09 26 ,FALSE
127,28:24.0,out,Controller 41: 3,1,3,B0 29 03 ,FALSE
128,28:24.0,out,Controller 9: 39,1,39,B0 09 27 ,FALSE
129,28:24.0,out,Controller 41: 20,1,20,B0 29 14 ,FALSE
130,28:24.0,out,Controller 9: 39,1,39,B0 09 27 ,FALSE
131,28:24.0,out,Controller 41: 21,1,21,B0 29 15 ,FALSE
132,28:24.0,out,Controller 9: 40,1,40,B0 09 28 ,FALSE
133,28:24.0,out,Controller 41: 33,1,33,B0 29 21 ,FALSE
134,28:24.0,out,Controller 9: 40,1,40,B0 09 28 ,FALSE
135,28:24.0,out,Controller 41: 34,1,34,B0 29 22 ,FALSE
136,28:24.0,out,Controller 9: 41,1,41,B0 09 29 ,FALSE
137,28:24.0,out,Controller 41: 52,1,52,B0 29 34 ,FALSE
138,28:24.0,out,Controller 9: 41,1,41,B0 09 29 ,FALSE
139,28:24.0,out,Controller 41: 53,1,53,B0 29 35 ,FALSE
140,28:24.0,out,Controller 9: 42,1,42,B0 09 2A ,FALSE
141,28:24.0,out,Controller 41: 75,1,75,B0 29 4B ,FALSE
142,28:24.0,out,Controller 9: 42,1,42,B0 09 2A ,FALSE
143,28:24.0,out,Controller 41: 76,1,76,B0 29 4C ,FALSE
144,28:24.0,out,Controller 9: 43,1,43,B0 09 2B ,FALSE
145,28:24.0,out,Controller 41: 96,1,96,B0 29 60 ,FALSE
146,28:24.0,out,Controller 9: 43,1,43,B0 09 2B ,FALSE
147,28:24.0,out,Controller 41: 97,1,97,B0 29 61 ,FALSE
148,28:24.0,out,Controller 9: 44,1,44,B0 09 2C ,FALSE
149,28:24.0,out,Controller 41: 113,1,113,B0 29 71 ,FALSE
150,28:24.0,out,Controller 9: 44,1,44,B0 09 2C ,FALSE
151,28:24.0,out,Controller 41: 114,1,114,B0 29 72 ,FALSE
152,28:24.1,out,Controller 9: 45,1,45,B0 09 2D ,FALSE
153,28:24.1,out,Controller 41: 125,1,125,B0 29 7D ,FALSE
154,28:24.1,out,Controller 9: 45,1,45,B0 09 2D ,FALSE
155,28:24.1,out,Controller 41: 126,1,126,B0 29 7E ,FALSE
156,28:24.1,out,Controller 9: 46,1,46,B0 09 2E ,FALSE
157,28:24.1,out,Controller 41: 120,1,120,B0 29 78 ,FALSE
158,28:24.1,out,Controller 9: 46,1,46,B0 09 2E ,FALSE
159,28:24.1,out,Controller 41: 121,1,121,B0 29 79 ,FALSE
160,28:24.1,out,Controller 9: 47,1,47,B0 09 2F ,FALSE
161,28:24.1,out,Controller 41: 126,1,126,B0 29 7E ,FALSE
162,28:24.1,out,Controller 9: 47,1,47,B0 09 2F ,FALSE
163,28:24.1,out,Controller 41: 127,1,127,B0 29 7F ,FALSE
164,28:24.1,out,Controller 9: 49,1,49,B0 09 31 ,FALSE
165,28:24.1,out,Controller 41: 6,1,6,B0 29 06 ,FALSE
166,28:24.1,out,Controller 9: 49,1,49,B0 09 31 ,FALSE
167,28:24.1,out,Controller 41: 7,1,7,B0 29 07 ,FALSE
168,28:24.1,out,Controller 9: 50,1,50,B0 09 32 ,FALSE
169,28:24.1,out,Controller 41: 11,1,11,B0 29 0B ,FALSE
170,28:24.1,out,Controller 9: 50,1,50,B0 09 32 ,FALSE
171,28:24.1,out,Controller 41: 12,1,12,B0 29 0C ,FALSE
172,28:24.1,out,Controller 9: 51,1,51,B0 09 33 ,FALSE
173,28:24.1,out,Controller 41: 20,1,20,B0 29 14 ,FALSE
174,28:24.1,out,Controller 9: 51,1,51,B0 09 33 ,FALSE
175,28:24.1,out,Controller 41: 21,1,21,B0 29 15 ,FALSE
176,28:24.1,out,Controller 9: 52,1,52,B0 09 34 ,FALSE
177,28:24.1,out,Controller 41: 27,1,27,B0 29 1B ,FALSE
178,28:24.2,out,Controller 9: 52,1,52,B0 09 34 ,FALSE
179,28:24.2,out,Controller 41: 28,1,28,B0 29 1C ,FALSE
180,28:24.2,out,Controller 9: 53,1,53,B0 09 35 ,FALSE
181,28:24.2,out,Controller 41: 22,1,22,B0 29 16 ,FALSE
182,28:24.2,out,Controller 9: 53,1,53,B0 09 35 ,FALSE
183,28:24.2,out,Controller 41: 23,1,23,B0 29 17 ,FALSE
184,28:24.2,out,Controller 9: 54,1,54,B0 09 36 ,FALSE
185,28:24.2,out,Controller 41: 29,1,29,B0 29 1D ,FALSE
186,28:24.2,out,Controller 9: 54,1,54,B0 09 36 ,FALSE
187,28:24.2,out,Controller 41: 30,1,30,B0 29 1E ,FALSE
188,28:24.2,out,Controller 9: 55,1,55,B0 09 37 ,FALSE
189,28:24.2,out,Controller 41: 27,1,27,B0 29 1B ,FALSE
190,28:24.2,out,Controller 9: 55,1,55,B0 09 37 ,FALSE
191,28:24.2,out,Controller 41: 28,1,28,B0 29 1C ,FALSE
192,28:24.2,out,Controller 9: 56,1,56,B0 09 38 ,FALSE
193,28:24.2,out,Controller 41: 21,1,21,B0 29 15 ,FALSE
194,28:24.2,out,Controller 9: 56,1,56,B0 09 38 ,FALSE
195,28:24.2,out,Controller 41: 22,1,22,B0 29 16 ,FALSE
196,28:24.2,out,Controller 9: 57,1,57,B0 09 39 ,FALSE
197,28:24.2,out,Controller 41: 14,1,14,B0 29 0E ,FALSE
198,28:24.2,out,Controller 9: 57,1,57,B0 09 39 ,FALSE
199,28:24.2,out,Controller 41: 15,1,15,B0 29 0F ,FALSE
200,28:24.2,out,Controller 9: 58,1,58,B0 09 3A ,FALSE
201,28:24.2,out,Controller 41: 6,1,6,B0 29 06 ,FALSE
202,28:24.3,out,Controller 9: 58,1,58,B0 09 3A ,FALSE
203,28:24.3,out,Controller 41: 7,1,7,B0 29 07 ,FALSE
204,28:24.3,out,Controller 9: 58,1,58,B0 09 3A ,FALSE
205,28:24.3,out,Controller 41: 126,1,126,B0 29 7E ,FALSE
206,28:24.3,out,Controller 9: 58,1,58,B0 09 3A ,FALSE
207,28:24.3,out,Controller 41: 127,1,127,B0 29 7F ,FALSE
208,28:24.3,out,Controller 9: 59,1,59,B0 09 3B ,FALSE
209,28:24.3,out,Controller 41: 111,1,111,B0 29 6F ,FALSE
210,28:24.3,out,Controller 9: 59,1,59,B0 09 3B ,FALSE
211,28:24.3,out,Controller 41: 112,1,112,B0 29 70 ,FALSE
212,28:24.3,out,Controller 9: 60,1,60,B0 09 3C ,FALSE
213,28:24.3,out,Controller 41: 95,1,95,B0 29 5F ,FALSE
214,28:24.3,out,Controller 9: 60,1,60,B0 09 3C ,FALSE
215,28:24.3,out,Controller 41: 96,1,96,B0 29 60 ,FALSE
216,28:24.3,out,Controller 9: 61,1,61,B0 09 3D ,FALSE
217,28:24.3,out,Controller 41: 75,1,75,B0 29 4B ,FALSE
218,28:24.3,out,Controller 9: 61,1,61,B0 09 3D ,FALSE
219,28:24.3,out,Controller 41: 76,1,76,B0 29 4C ,FALSE
220,28:24.4,out,Controller 9: 61,1,61,B0 09 3D ,FALSE
221,28:24.4,out,Controller 41: 77,1,77,B0 29 4D ,FALSE
222,28:24.4,out,Controller 9: 62,1,62,B0 09 3E ,FALSE
223,28:24.4,out,Controller 41: 66,1,66,B0 29 42 ,FALSE
224,28:24.4,out,Controller 9: 62,1,62,B0 09 3E ,FALSE
225,28:24.4,out,Controller 41: 67,1,67,B0 29 43 ,FALSE
226,28:24.4,out,Controller 9: 62,1,62,B0 09 3E ,FALSE
227,28:24.4,out,Controller 41: 68,1,68,B0 29 44 ,FALSE
228,28:24.4,out,Controller 9: 62,1,62,B0 09 3E ,FALSE
229,28:24.4,out,Controller 41: 69,1,69,B0 29 45 ,FALSE
230,28:24.4,out,Controller 9: 62,1,62,B0 09 3E ,FALSE
231,28:24.4,out,Controller 41: 70,1,70,B0 29 46 ,FALSE
232,28:24.4,out,Controller 9: 62,1,62,B0 09 3E ,FALSE
233,28:24.4,out,Controller 41: 71,1,71,B0 29 47 ,FALSE
234,28:24.4,out,Controller 9: 62,1,62,B0 09 3E ,FALSE
235,28:24.4,out,Controller 41: 72,1,72,B0 29 48 ,FALSE
236,28:24.4,out,Controller 9: 62,1,62,B0 09 3E ,FALSE
237,28:24.4,out,Controller 41: 73,1,73,B0 29 49 ,FALSE
238,28:24.4,out,Controller 9: 62,1,62,B0 09 3E ,FALSE
239,28:24.4,out,Controller 41: 74,1,74,B0 29 4A ,FALSE
240,28:24.5,out,Controller 9: 63,1,63,B0 09 3F ,FALSE
241,28:24.5,out,Controller 41: 50,1,50,B0 29 32 ,FALSE
242,28:26.0,out,Controller 28: 1,2,1,B1 1C 01 ,FALSE
243,28:26.0,out,Controller 28: 2,2,2,B1 1C 02 ,FALSE
244,28:26.0,out,Controller 28: 3,2,3,B1 1C 03 ,FALSE
245,28:26.0,out,Controller 28: 4,2,4,B1 1C 04 ,FALSE
246,28:26.0,out,Controller 28: 5,2,5,B1 1C 05 ,FALSE
247,28:26.0,out,Controller 28: 6,2,6,B1 1C 06 ,FALSE
248,28:26.1,out,Controller 28: 7,2,7,B1 1C 07 ,FALSE
249,28:26.1,out,Controller 28: 8,2,8,B1 1C 08 ,FALSE
250,28:26.1,out,Controller 28: 10,2,10,B1 1C 0A ,FALSE
251,28:26.1,out,Controller 28: 11,2,11,B1 1C 0B ,FALSE
252,28:26.1,out,Controller 28: 13,2,13,B1 1C 0D ,FALSE
253,28:26.1,out,Controller 28: 14,2,14,B1 1C 0E ,FALSE
254,28:26.1,out,Controller 28: 16,2,16,B1 1C 10 ,FALSE
255,28:26.1,out,Controller 28: 17,2,17,B1 1C 11 ,FALSE
256,28:26.1,out,Controller 28: 19,2,19,B1 1C 13 ,FALSE
257,28:26.1,out,Controller 28: 20,2,20,B1 1C 14 ,FALSE
258,28:26.1,out,Controller 28: 22,2,22,B1 1C 16 ,FALSE
259,28:26.1,out,Controller 28: 23,2,23,B1 1C 17 ,FALSE
260,28:26.1,out,Controller 28: 25,2,25,B1 1C 19 ,FALSE
261,28:26.1,out,Controller 28: 27,2,27,B1 1C 1B ,FALSE
262,28:26.2,out,Controller 28: 28,2,28,B1 1C 1C ,FALSE
263,28:26.2,out,Controller 28: 30,2,30,B1 1C 1E ,FALSE
264,28:26.2,out,Controller 28: 32,2,32,B1 1C 20 ,FALSE
265,28:26.2,out,Controller 28: 33,2,33,B1 1C 21 ,FALSE
266,28:26.2,out,Controller 28: 34,2,34,B1 1C 22 ,FALSE
267,28:26.2,out,Controller 28: 36,2,36,B1 1C 24 ,FALSE
268,28:26.2,out,Controller 28: 37,2,37,B1 1C 25 ,FALSE
269,28:26.2,out,Controller 28: 39,2,39,B1 1C 27 ,FALSE
270,28:26.2,out,Controller 28: 40,2,40,B1 1C 28 ,FALSE
271,28:26.2,out,Controller 28: 42,2,42,B1 1C 2A ,FALSE
272,28:26.2,out,Controller 28: 43,2,43,B1 1C 2B ,FALSE
273,28:26.2,out,Controller 28: 44,2,44,B1 1C 2C ,FALSE
274,28:26.2,out,Controller 28: 46,2,46,B1 1C 2E ,FALSE
275,28:26.3,out,Controller 28: 47,2,47,B1 1C 2F ,FALSE
276,28:26.3,out,Controller 28: 48,2,48,B1 1C 30 ,FALSE
277,28:26.3,out,Controller 28: 50,2,50,B1 1C 32 ,FALSE
278,28:26.3,out,Controller 28: 51,2,51,B1 1C 33 ,FALSE
279,28:26.3,out,Controller 28: 52,2,52,B1 1C 34 ,FALSE
280,28:26.3,out,Controller 28: 53,2,53,B1 1C 35 ,FALSE
281,28:26.3,out,Controller 28: 55,2,55,B1 1C 37 ,FALSE
282,28:26.3,out,Controller 28: 56,2,56,B1 1C 38 ,FALSE
283,28:26.3,out,Controller 28: 57,2,57,B1 1C 39 ,FALSE
284,28:26.3,out,Controller 28: 58,2,58,B1 1C 3A ,FALSE
285,28:26.3,out,Controller 28: 60,2,60,B1 1C 3C ,FALSE
286,28:26.3,out,Controller 28: 61,2,61,B1 1C 3D ,FALSE
287,28:26.3,out,Controller 28: 63,2,63,B1 1C 3F ,FALSE
288,28:26.4,out,Controller 28: 64,2,64,B1 1C 40 ,FALSE
289,28:26.4,out,Controller 28: 65,2,65,B1 1C 41 ,FALSE
290,28:26.4,out,Controller 28: 67,2,67,B1 1C 43 ,FALSE
291,28:26.4,out,Controller 28: 68,2,68,B1 1C 44 ,FALSE
292,28:26.4,out,Controller 28: 69,2,69,B1 1C 45 ,FALSE
293,28:26.4,out,Controller 28: 70,2,70,B1 1C 46 ,FALSE
294,28:26.4,out,Controller 28: 71,2,71,B1 1C 47 ,FALSE
295,28:26.4,out,Controller 28: 72,2,72,B1 1C 48 ,FALSE
296,28:26.4,out,Controller 28: 73,2,73,B1 1C 49 ,FALSE
297,28:26.5,out,Controller 28: 74,2,74,B1 1C 4A ,FALSE
298,28:26.5,out,Controller 28: 75,2,75,B1 1C 4B ,FALSE
299,28:26.5,out,Controller 28: 76,2,76,B1 1C 4C ,FALSE
300,28:26.5,out,Controller 28: 77,2,77,B1 1C 4D ,FALSE
301,28:26.5,out,Controller 28: 78,2,78,B1 1C 4E ,FALSE
302,28:26.5,out,Controller 28: 79,2,79,B1 1C 4F ,FALSE
303,28:26.5,out,Controller 28: 80,2,80,B1 1C 50 ,FALSE
304,28:26.5,out,Controller 28: 81,2,81,B1 1C 51 ,FALSE
305,28:26.5,out,Controller 28: 82,2,82,B1 1C 52 ,FALSE
306,28:27.7,out,Controller 26: 65,1,65,B0 1A 41 ,FALSE
307,28:27.7,out,Controller 26: 66,1,66,B0 1A 42 ,FALSE
308,28:27.7,out,Controller 26: 67,1,67,B0 1A 43 ,FALSE
309,28:27.7,out,Controller 26: 68,1,68,B0 1A 44 ,FALSE
310,28:27.7,out,Controller 26: 69,1,69,B0 1A 45 ,FALSE
311,28:27.8,out,Controller 26: 70,1,70,B0 1A 46 ,FALSE
312,28:27.8,out,Controller 26: 71,1,71,B0 1A 47 ,FALSE
313,28:27.8,out,Controller 26: 72,1,72,B0 1A 48 ,FALSE
314,28:27.8,out,Controller 26: 73,1,73,B0 1A 49 ,FALSE
315,28:27.8,out,Controller 26: 74,1,74,B0 1A 4A ,FALSE
316,28:27.8,out,Controller 26: 75,1,75,B0 1A 4B ,FALSE
317,28:27.8,out,Controller 26: 76,1,76,B0 1A 4C ,FALSE
318,28:27.8,out,Controller 26: 77,1,77,B0 1A 4D ,FALSE
319,28:27.8,out,Controller 26: 78,1,78,B0 1A 4E ,FALSE
320,28:27.8,out,Controller 26: 79,1,79,B0 1A 4F ,FALSE
321,28:27.8,out,Controller 26: 80,1,80,B0 1A 50 ,FALSE
322,28:27.9,out,Controller 26: 81,1,81,B0 1A 51 ,FALSE
323,28:27.9,out,Controller 26: 82,1,82,B0 1A 52 ,FALSE
324,28:27.9,out,Controller 26: 83,1,83,B0 1A 53 ,FALSE
325,28:28.0,out,Controller 26: 84,1,84,B0 1A 54 ,FALSE
326,28:28.0,out,Controller 26: 85,1,85,B0 1A 55 ,FALSE
327,28:28.1,out,Controller 26: 86,1,86,B0 1A 56 ,FALSE
328,28:28.1,out,Controller 26: 87,1,87,B0 1A 57 ,FALSE
329,28:28.1,out,Controller 26: 88,1,88,B0 1A 58 ,FALSE
330,28:28.2,out,Controller 26: 89,1,89,B0 1A 59 ,FALSE
331,28:28.2,out,Controller 26: 90,1,90,B0 1A 5A ,FALSE
332,28:28.2,out,Controller 26: 91,1,91,B0 1A 5B ,FALSE
333,28:28.3,out,Controller 26: 92,1,92,B0 1A 5C ,FALSE
334,28:28.3,out,Controller 26: 93,1,93,B0 1A 5D ,FALSE
335,28:28.3,out,Controller 26: 94,1,94,B0 1A 5E ,FALSE
336,28:28.3,out,Controller 26: 95,1,95,B0 1A 5F ,FALSE
337,28:28.3,out,Controller 26: 96,1,96,B0 1A 60 ,FALSE
338,28:28.4,out,Controller 26: 97,1,97,B0 1A 61 ,FALSE
339,28:28.4,out,Controller 26: 98,1,98,B0 1A 62 ,FALSE
340,28:28.4,out,Controller 26: 99,1,99,B0 1A 63 ,FALSE
341,28:28.4,out,Controller 26: 100,1,100,B0 1A 64 ,FALSE
342,28:28.5,out,Controller 26: 101,1,101,B0 1A 65 ,FALSE
343,28:28.5,out,Controller 26: 102,1,102,B0 1A 66 ,FALSE
344,28:28.5,out,Controller 26: 103,1,103,B0 1A 67 ,FALSE
345,28:28.5,out,Controller 26: 104,1,104,B0 1A 68 ,FALSE
346,28:28.6,out,Controller 26: 105,1,105,B0 1A 69 ,FALSE
347,28:28.6,out,Controller 26: 106,1,106,B0 1A 6A ,FALSE
348,28:28.6,out,Controller 26: 107,1,107,B0 1A 6B ,FALSE
349,28:28.6,out,Controller 26: 108,1,108,B0 1A 6C ,FALSE
350,28:28.6,out,Controller 26: 109,1,109,B0 1A 6D ,FALSE
351,28:28.6,out,Controller 26: 110,1,110,B0 1A 6E ,FALSE
352,28:28.6,out,Controller 26: 111,1,111,B0 1A 6F ,FALSE
353,28:28.7,out,Controller 26: 112,1,112,B0 1A 70 ,FALSE
354,28:28.7,out,Controller 26: 113,1,113,B0 1A 71 ,FALSE
355,28:28.7,out,Controller 26: 114,1,114,B0 1A 72 ,FALSE
356,28:28.7,out,Controller 26: 115,1,115,B0 1A 73 ,FALSE
357,28:28.7,out,Controller 26: 116,1,116,B0 1A 74 ,FALSE
358,28:28.7,out,Controller 26: 117,1,117,B0 1A 75 ,FALSE
359,28:28.8,out,Controller 26: 118,1,118,B0 1A 76 ,FALSE
360,28:28.8,out,Controller 26: 119,1,119,B0 1A 77 ,FALSE
361,28:28.8,out,Controller 26: 120,1,120,B0 1A 78 ,FALSE
362,28:28.9,out,Controller 26: 121,1,121,B0 1A 79 ,FALSE
363,28:28.9,out,Controller 26: 122,1,122,B0 1A 7A ,FALSE
364,28:28.9,out,Controller 26: 123,1,123,B0 1A 7B ,FALSE
365,28:28.9,out,Controller 26: 124,1,124,B0 1A 7C ,FALSE
366,28:28.9,out,Controller 26: 125,1,125,B0 1A 7D ,FALSE
367,28:29.0,out,Controller 26: 126,1,126,B0 1A 7E ,FALSE
368,28:29.0,out,Controller 26: 127,1,127,B0 1A 7F ,FALSE
369,28:30.1,out,Controller 26: 126,1,126,B0 1A 7E ,FALSE
370,28:30.2,out,Controller 26: 125,1,125,B0 1A 7D ,FALSE
371,28:30.2,out,Controller 26: 124,1,124,B0 1A 7C ,FALSE
372,28:30.2,out,Controller 26: 123,1,123,B0 1A 7B ,FALSE
373,28:30.2,out,Controller 26: 122,1,122,B0 1A 7A ,FALSE
374,28:30.2,out,Controller 26: 121,1,121,B0 1A 79 ,FALSE
375,28:30.3,out,Controller 26: 120,1,120,B0 1A 78 ,FALSE
376,28:30.3,out,Controller 26: 119,1,119,B0 1A 77 ,FALSE
377,28:30.3,out,Controller 26: 118,1,118,B0 1A 76 ,FALSE
378,28:30.3,out,Controller 26: 117,1,117,B0 1A 75 ,FALSE
379,28:30.3,out,Controller 26: 116,1,116,B0 1A 74 ,FALSE
380,28:30.3,out,Controller 26: 115,1,115,B0 1A 73 ,FALSE
381,28:30.4,out,Controller 26: 114,1,114,B0 1A 72 ,FALSE
382,28:30.4,out,Controller 26: 113,1,113,B0 1A 71 ,FALSE
383,28:30.4,out,Controller 26: 112,1,112,B0 1A 70 ,FALSE
384,28:30.4,out,Controller 26: 111,1,111,B0 1A 6F ,FALSE
385,28:30.4,out,Controller 26: 110,1,110,B0 1A 6E ,FALSE
386,28:30.4,out,Controller 26: 109,1,109,B0 1A 6D ,FALSE
387,28:30.5,out,Controller 26: 108,1,108,B0 1A 6C ,FALSE
388,28:30.5,out,Controller 26: 107,1,107,B0 1A 6B ,FALSE
389,28:30.5,out,Controller 26: 106,1,106,B0 1A 6A ,FALSE
390,28:30.5,out,Controller 26: 105,1,105,B0 1A 69 ,FALSE
391,28:30.5,out,Controller 26: 104,1,104,B0 1A 68 ,FALSE
392,28:30.5,out,Controller 26: 103,1,103,B0 1A 67 ,FALSE
393,28:30.5,out,Controller 26: 102,1,102,B0 1A 66 ,FALSE
394,28:30.6,out,Controller 26: 101,1,101,B0 1A 65 ,FALSE
395,28:30.6,out,Controller 26: 100,1,100,B0 1A 64 ,FALSE
396,28:30.6,out,Controller 26: 99,1,99,B0 1A 63 ,FALSE
397,28:30.6,out,Controller 26: 98,1,98,B0 1A 62 ,FALSE
398,28:30.6,out,Controller 26: 97,1,97,B0 1A 61 ,FALSE
399,28:30.7,out,Controller 26: 96,1,96,B0 1A 60 ,FALSE
400,28:30.7,out,Controller 26: 95,1,95,B0 1A 5F ,FALSE
401,28:30.7,out,Controller 26: 94,1,94,B0 1A 5E ,FALSE
402,28:30.7,out,Controller 26: 93,1,93,B0 1A 5D ,FALSE
403,28:30.7,out,Controller 26: 92,1,92,B0 1A 5C ,FALSE
404,28:30.7,out,Controller 26: 91,1,91,B0 1A 5B ,FALSE
405,28:30.8,out,Controller 26: 90,1,90,B0 1A 5A ,FALSE
406,28:30.8,out,Controller 26: 89,1,89,B0 1A 59 ,FALSE
407,28:30.8,out,Controller 26: 88,1,88,B0 1A 58 ,FALSE
408,28:30.8,out,Controller 26: 87,1,87,B0 1A 57 ,FALSE
409,28:30.8,out,Controller 26: 86,1,86,B0 1A 56 ,FALSE
410,28:30.8,out,Controller 26: 85,1,85,B0 1A 55 ,FALSE
411,28:30.8,out,Controller 26: 84,1,84,B0 1A 54 ,FALSE
412,28:30.8,out,Controller 26: 83,1,83,B0 1A 53 ,FALSE
413,28:30.8,out,Controller 26: 82,1,82,B0 1A 52 ,FALSE
414,28:30.8,out,Controller 26: 81,1,81,B0 1A 51 ,FALSE
415,28:30.9,out,Controller 26: 80,1,80,B0 1A 50 ,FALSE
416,28:30.9,out,Controller 26: 79,1,79,B0 1A 4F ,FALSE
417,28:30.9,out,Controller 26: 78,1,78,B0 1A 4E ,FALSE
418,28:30.9,out,Controller 26: 77,1,77,B0 1A 4D ,FALSE
419,28:31.0,out,Controller 26: 76,1,76,B0 1A 4C ,FALSE
420,28:31.0,out,Controller 26: 75,1,75,B0 1A 4B ,FALSE
421,28:31.0,out,Controller 26: 74,1,74,B0 1A 4A ,FALSE
422,28:31.0,out,Controller 26: 73,1,73,B0 1A 49 ,FALSE
423,28:31.1,out,Controller 26: 72,1,72,B0 1A 48 ,FALSE
424,28:31.2,out,Controller 26: 71,1,71,B0 1A 47 ,FALSE
425,28:31.3,out,Controller 26: 70,1,70,B0 1A 46 ,FALSE
426,28:31.3,out,Controller 26: 69,1,69,B0 1A 45 ,FALSE
427,28:31.3,out,Controller 26: 68,1,68,B0 1A 44 ,FALSE
428,28:31.3,out,Controller 26: 67,1,67,B0 1A 43 ,FALSE
429,28:31.4,out,Controller 26: 66,1,66,B0 1A 42 ,FALSE
430,28:31.4,out,Controller 26: 65,1,65,B0 1A 41 ,FALSE
431,28:31.4,out,Controller 26: 64,1,64,B0 1A 40 ,FALSE
432,28:32.9,out,Controller 26: 63,1,63,B0 1A 3F ,FALSE
433,28:32.9,out,Controller 26: 62,1,62,B0 1A 3E ,FALSE
434,28:32.9,out,Controller 26: 61,1,61,B0 1A 3D ,FALSE
435,28:32.9,out,Controller 26: 59,1,59,B0 1A 3B ,FALSE
436,28:32.9,out,Controller 26: 58,1,58,B0 1A 3A ,FALSE
437,28:32.9,out,Controller 26: 56,1,56,B0 1A 38 ,FALSE
438,28:32.9,out,Controller 26: 55,1,55,B0 1A 37 ,FALSE
439,28:32.9,out,Controller 26: 53,1,53,B0 1A 35 ,FALSE
440,28:33.0,out,Controller 26: 52,1,52,B0 1A 34 ,FALSE
441,28:33.0,out,Controller 26: 51,1,51,B0 1A 33 ,FALSE
442,28:33.0,out,Controller 26: 50,1,50,B0 1A 32 ,FALSE
443,28:33.0,out,Controller 26: 48,1,48,B0 1A 30 ,FALSE
444,28:33.0,out,Controller 26: 47,1,47,B0 1A 2F ,FALSE
445,28:33.0,out,Controller 26: 46,1,46,B0 1A 2E ,FALSE
446,28:33.0,out,Controller 26: 45,1,45,B0 1A 2D ,FALSE
447,28:33.0,out,Controller 26: 44,1,44,B0 1A 2C ,FALSE
448,28:33.0,out,Controller 26: 43,1,43,B0 1A 2B ,FALSE
449,28:33.0,out,Controller 26: 42,1,42,B0 1A 2A ,FALSE
450,28:33.0,out,Controller 26: 41,1,41,B0 1A 29 ,FALSE
451,28:33.1,out,Controller 26: 40,1,40,B0 1A 28 ,FALSE
452,28:33.1,out,Controller 26: 39,1,39,B0 1A 27 ,FALSE
453,28:33.1,out,Controller 26: 38,1,38,B0 1A 26 ,FALSE
454,28:33.1,out,Controller 26: 37,1,37,B0 1A 25 ,FALSE
455,28:33.1,out,Controller 26: 36,1,36,B0 1A 24 ,FALSE
456,28:33.1,out,Controller 26: 35,1,35,B0 1A 23 ,FALSE
457,28:33.1,out,Controller 26: 34,1,34,B0 1A 22 ,FALSE
458,28:33.2,out,Controller 26: 33,1,33,B0 1A 21 ,FALSE
459,28:34.0,out,Controller 28: 81,2,81,B1 1C 51 ,FALSE
460,28:34.0,out,Controller 28: 80,2,80,B1 1C 50 ,FALSE
461,28:34.0,out,Controller 28: 79,2,79,B1 1C 4F ,FALSE
462,28:34.0,out,Controller 28: 78,2,78,B1 1C 4E ,FALSE
463,28:34.0,out,Controller 28: 77,2,77,B1 1C 4D ,FALSE
464,28:34.0,out,Controller 28: 75,2,75,B1 1C 4B ,FALSE
465,28:34.0,out,Controller 28: 74,2,74,B1 1C 4A ,FALSE
466,28:34.0,out,Controller 28: 73,2,73,B1 1C 49 ,FALSE
467,28:34.0,out,Controller 28: 72,2,72,B1 1C 48 ,FALSE
468,28:34.0,out,Controller 28: 70,2,70,B1 1C 46 ,FALSE
469,28:34.1,out,Controller 28: 69,2,69,B1 1C 45 ,FALSE
470,28:34.1,out,Controller 28: 67,2,67,B1 1C 43 ,FALSE
471,28:34.1,out,Controller 28: 66,2,66,B1 1C 42 ,FALSE
472,28:34.1,out,Controller 28: 64,2,64,B1 1C 40 ,FALSE
473,28:34.1,out,Controller 28: 63,2,63,B1 1C 3F ,FALSE
474,28:34.1,out,Controller 28: 62,2,62,B1 1C 3E ,FALSE
475,28:34.1,out,Controller 28: 60,2,60,B1 1C 3C ,FALSE
476,28:34.1,out,Controller 28: 58,2,58,B1 1C 3A ,FALSE
477,28:34.1,out,Controller 28: 57,2,57,B1 1C 39 ,FALSE
478,28:34.1,out,Controller 28: 55,2,55,B1 1C 37 ,FALSE
479,28:34.2,out,Controller 28: 53,2,53,B1 1C 35 ,FALSE
480,28:34.2,out,Controller 28: 51,2,51,B1 1C 33 ,FALSE
481,28:34.2,out,Controller 28: 49,2,49,B1 1C 31 ,FALSE
482,28:34.2,out,Controller 28: 47,2,47,B1 1C 2F ,FALSE
483,28:34.2,out,Controller 28: 45,2,45,B1 1C 2D ,FALSE
484,28:34.2,out,Controller 28: 42,2,42,B1 1C 2A ,FALSE
485,28:34.2,out,Controller 28: 40,2,40,B1 1C 28 ,FALSE
486,28:34.2,out,Controller 28: 37,2,37,B1 1C 25 ,FALSE
487,28:34.2,out,Controller 28: 35,2,35,B1 1C 23 ,FALSE
488,28:34.2,out,Controller 28: 32,2,32,B1 1C 20 ,FALSE
489,28:34.2,out,Controller 28: 30,2,30,B1 1C 1E ,FALSE
490,28:34.2,out,Controller 28: 28,2,28,B1 1C 1C ,FALSE
491,28:34.2,out,Controller 28: 25,2,25,B1 1C 19 ,FALSE
492,28:34.2,out,Controller 28: 23,2,23,B1 1C 17 ,FALSE
493,28:34.3,out,Controller 28: 21,2,21,B1 1C 15 ,FALSE
494,28:34.3,out,Controller 28: 19,2,19,B1 1C 13 ,FALSE
495,28:34.3,out,Controller 28: 17,2,17,B1 1C 11 ,FALSE
496,28:34.3,out,Controller 28: 15,2,15,B1 1C 0F ,FALSE
497,28:34.3,out,Controller 28: 13,2,13,B1 1C 0D ,FALSE
498,28:34.3,out,Controller 28: 11,2,11,B1 1C 0B ,FALSE
499,28:34.3,out,Controller 28: 10,2,10,B1 1C 0A ,FALSE
500,28:34.3,out,Controller 28: 8,2,8,B1 1C 08 ,FALSE
501,28:34.3,out,Controller 28: 6,2,6,B1 1C 06 ,FALSE
502,28:34.3,out,Controller 28: 5,2,5,B1 1C 05 ,FALSE
503,28:34.3,out,Controller 28: 3,2,3,B1 1C 03 ,FALSE
504,28:34.3,out,Controller 28: 2,2,2,B1 1C 02 ,FALSE
505,28:34.4,out,Controller 28: 1,2,1,B1 1C 01 ,FALSE
506,28:34.4,out,Controller 28: 0,2,0,B1 1C 00 ,FALSE
507,28:35.6,out,Controller 26: 34,1,34,B0 1A 22 ,FALSE
508,28:35.7,out,Controller 26: 35,1,35,B0 1A 23 ,FALSE
509,28:35.7,out,Controller 26: 36,1,36,B0 1A 24 ,FALSE
510,28:35.7,out,Controller 26: 37,1,37,B0 1A 25 ,FALSE
511,28:35.7,out,Controller 26: 38,1,38,B0 1A 26 ,FALSE
512,28:35.8,out,Controller 26: 39,1,39,B0 1A 27 ,FALSE
513,28:35.8,out,Controller 26: 40,1,40,B0 1A 28 ,FALSE
514,28:35.8,out,Controller 26: 41,1,41,B0 1A 29 ,FALSE
515,28:35.8,out,Controller 26: 42,1,42,B0 1A 2A ,FALSE
516,28:35.8,out,Controller 26: 43,1,43,B0 1A 2B ,FALSE
517,28:35.8,out,Controller 26: 44,1,44,B0 1A 2C ,FALSE
518,28:35.8,out,Controller 26: 45,1,45,B0 1A 2D ,FALSE
519,28:35.9,out,Controller 26: 46,1,46,B0 1A 2E ,FALSE
520,28:35.9,out,Controller 26: 47,1,47,B0 1A 2F ,FALSE
521,28:35.9,out,Controller 26: 48,1,48,B0 1A 30 ,FALSE
522,28:35.9,out,Controller 26: 49,1,49,B0 1A 31 ,FALSE
523,28:35.9,out,Controller 26: 50,1,50,B0 1A 32 ,FALSE
524,28:35.9,out,Controller 26: 51,1,51,B0 1A 33 ,FALSE
525,28:35.9,out,Controller 26: 52,1,52,B0 1A 34 ,FALSE
526,28:35.9,out,Controller 26: 53,1,53,B0 1A 35 ,FALSE
527,28:35.9,out,Controller 26: 54,1,54,B0 1A 36 ,FALSE
528,28:36.0,out,Controller 26: 55,1,55,B0 1A 37 ,FALSE
529,28:36.0,out,Controller 26: 56,1,56,B0 1A 38 ,FALSE
530,28:36.0,out,Controller 26: 57,1,57,B0 1A 39 ,FALSE
531,28:36.0,out,Controller 26: 58,1,58,B0 1A 3A ,FALSE
532,28:36.0,out,Controller 26: 60,1,60,B0 1A 3C ,FALSE
533,28:36.0,out,Controller 26: 61,1,61,B0 1A 3D ,FALSE
534,28:36.0,out,Controller 26: 63,1,63,B0 1A 3F ,FALSE
535,28:36.0,out,Controller 26: 64,1,64,B0 1A 40 ,FALSE
536,29:00.3,out,Controller 28: 1,2,1,B1 1C 01 ,FALSE
537,29:00.4,out,Controller 28: 2,2,2,B1 1C 02 ,FALSE
538,29:00.4,out,Controller 28: 3,2,3,B1 1C 03 ,FALSE
539,29:00.4,out,Controller 28: 4,2,4,B1 1C 04 ,FALSE
540,29:00.4,out,Controller 28: 5,2,5,B1 1C 05 ,FALSE
541,29:00.4,out,Controller 28: 7,2,7,B1 1C 07 ,FALSE
542,29:00.4,out,Controller 28: 8,2,8,B1 1C 08 ,FALSE
543,29:00.4,out,Controller 28: 9,2,9,B1 1C 09 ,FALSE
544,29:00.4,out,Controller 28: 11,2,11,B1 1C 0B ,FALSE
545,29:00.4,out,Controller 28: 12,2,12,B1 1C 0C ,FALSE
546,29:00.4,out,Controller 28: 14,2,14,B1 1C 0E ,FALSE
547,29:00.4,out,Controller 28: 15,2,15,B1 1C 0F ,FALSE
548,29:00.4,out,Controller 28: 17,2,17,B1 1C 11 ,FALSE
549,29:00.5,out,Controller 28: 19,2,19,B1 1C 13 ,FALSE
550,29:00.5,out,Controller 28: 20,2,20,B1 1C 14 ,FALSE
551,29:00.5,out,Controller 28: 22,2,22,B1 1C 16 ,FALSE
552,29:00.5,out,Controller 28: 24,2,24,B1 1C 18 ,FALSE
553,29:00.5,out,Controller 28: 26,2,26,B1 1C 1A ,FALSE
554,29:00.5,out,Controller 28: 28,2,28,B1 1C 1C ,FALSE
555,29:00.5,out,Controller 28: 30,2,30,B1 1C 1E ,FALSE
556,29:00.5,out,Controller 28: 31,2,31,B1 1C 1F ,FALSE
557,29:00.5,out,Controller 28: 33,2,33,B1 1C 21 ,FALSE
558,29:00.5,out,Controller 28: 35,2,35,B1 1C 23 ,FALSE
559,29:00.5,out,Controller 28: 37,2,37,B1 1C 25 ,FALSE
560,29:00.5,out,Controller 28: 38,2,38,B1 1C 26 ,FALSE
561,29:00.5,out,Controller 28: 40,2,40,B1 1C 28 ,FALSE
562,29:00.6,out,Controller 28: 42,2,42,B1 1C 2A ,FALSE
563,29:00.6,out,Controller 28: 44,2,44,B1 1C 2C ,FALSE
564,29:00.6,out,Controller 28: 45,2,45,B1 1C 2D ,FALSE
565,29:00.6,out,Controller 28: 47,2,47,B1 1C 2F ,FALSE
566,29:00.6,out,Controller 28: 49,2,49,B1 1C 31 ,FALSE
567,29:00.6,out,Controller 28: 50,2,50,B1 1C 32 ,FALSE
568,29:00.6,out,Controller 28: 52,2,52,B1 1C 34 ,FALSE
569,29:00.6,out,Controller 28: 53,2,53,B1 1C 35 ,FALSE
570,29:00.6,out,Controller 28: 55,2,55,B1 1C 37 ,FALSE
571,29:00.6,out,Controller 28: 57,2,57,B1 1C 39 ,FALSE
572,29:00.6,out,Controller 28: 58,2,58,B1 1C 3A ,FALSE
573,29:00.6,out,Controller 28: 60,2,60,B1 1C 3C ,FALSE
574,29:00.6,out,Controller 28: 61,2,61,B1 1C 3D ,FALSE
575,29:00.7,out,Controller 28: 63,2,63,B1 1C 3F ,FALSE
576,29:00.7,out,Controller 28: 64,2,64,B1 1C 40 ,FALSE
577,29:00.7,out,Controller 28: 65,2,65,B1 1C 41 ,FALSE
578,29:00.7,out,Controller 28: 66,2,66,B1 1C 42 ,FALSE
579,29:00.7,out,Controller 28: 68,2,68,B1 1C 44 ,FALSE
580,29:00.7,out,Controller 28: 69,2,69,B1 1C 45 ,FALSE
581,29:00.7,out,Controller 28: 71,2,71,B1 1C 47 ,FALSE
582,29:00.7,out,Controller 28: 72,2,72,B1 1C 48 ,FALSE
583,29:00.7,out,Controller 28: 73,2,73,B1 1C 49 ,FALSE
584,29:00.7,out,Controller 28: 74,2,74,B1 1C 4A ,FALSE
585,29:00.8,out,Controller 28: 75,2,75,B1 1C 4B ,FALSE
586,29:00.8,out,Controller 28: 77,2,77,B1 1C 4D ,FALSE
587,29:00.8,out,Controller 28: 78,2,78,B1 1C 4E ,FALSE
588,29:00.8,out,Controller 28: 79,2,79,B1 1C 4F ,FALSE
589,29:00.8,out,Controller 28: 80,2,80,B1 1C 50 ,FALSE
590,29:00.8,out,Controller 28: 81,2,81,B1 1C 51 ,FALSE
591,29:00.8,out,Controller 28: 82,2,82,B1 1C 52 ,FALSE
592,29:00.8,out,Controller 28: 83,2,83,B1 1C 53 ,FALSE
593,29:00.8,out,Controller 28: 84,2,84,B1 1C 54 ,FALSE
594,29:00.8,out,Controller 28: 85,2,85,B1 1C 55 ,FALSE
595,29:00.8,out,Controller 28: 86,2,86,B1 1C 56 ,FALSE
596,29:00.8,out,Controller 28: 88,2,88,B1 1C 58 ,FALSE
597,29:00.9,out,Controller 28: 89,2,89,B1 1C 59 ,FALSE
598,29:00.9,out,Controller 28: 90,2,90,B1 1C 5A ,FALSE
599,29:00.9,out,Controller 28: 91,2,91,B1 1C 5B ,FALSE
600,29:00.9,out,Controller 28: 93,2,93,B1 1C 5D ,FALSE
601,29:00.9,out,Controller 28: 94,2,94,B1 1C 5E ,FALSE
602,29:00.9,out,Controller 28: 95,2,95,B1 1C 5F ,FALSE
603,29:00.9,out,Controller 28: 96,2,96,B1 1C 60 ,FALSE
604,29:00.9,out,Controller 28: 97,2,97,B1 1C 61 ,FALSE
605,29:00.9,out,Controller 28: 98,2,98,B1 1C 62 ,FALSE
606,29:00.9,out,Controller 28: 99,2,99,B1 1C 63 ,FALSE
607,29:00.9,out,Controller 28: 100,2,100,B1 1C 64 ,FALSE
608,29:00.9,out,Controller 28: 101,2,101,B1 1C 65 ,FALSE
609,29:01.0,out,Controller 28: 102,2,102,B1 1C 66 ,FALSE
610,29:02.4,out,Controller 24: 65,2,65,B1 18 41 ,FALSE
611,29:02.4,out,Controller 24: 66,2,66,B1 18 42 ,FALSE
612,29:02.4,out,Controller 24: 67,2,67,B1 18 43 ,FALSE
613,29:02.4,out,Controller 24: 68,2,68,B1 18 44 ,FALSE
614,29:02.4,out,Controller 24: 69,2,69,B1 18 45 ,FALSE
615,29:02.4,out,Controller 24: 71,2,71,B1 18 47 ,FALSE
616,29:02.4,out,Controller 24: 72,2,72,B1 18 48 ,FALSE
617,29:02.4,out,Controller 24: 74,2,74,B1 18 4A ,FALSE
618,29:02.4,out,Controller 24: 75,2,75,B1 18 4B ,FALSE
619,29:02.5,out,Controller 24: 77,2,77,B1 18 4D ,FALSE
620,29:02.5,out,Controller 24: 78,2,78,B1 18 4E ,FALSE
621,29:02.5,out,Controller 24: 80,2,80,B1 18 50 ,FALSE
622,29:02.5,out,Controller 24: 81,2,81,B1 18 51 ,FALSE
623,29:02.5,out,Controller 24: 82,2,82,B1 18 52 ,FALSE
624,29:02.5,out,Controller 24: 83,2,83,B1 18 53 ,FALSE
625,29:02.5,out,Controller 24: 84,2,84,B1 18 54 ,FALSE
626,29:02.5,out,Controller 24: 85,2,85,B1 18 55 ,FALSE
627,29:02.5,out,Controller 24: 86,2,86,B1 18 56 ,FALSE
628,29:02.6,out,Controller 24: 87,2,87,B1 18 57 ,FALSE
629,29:02.6,out,Controller 24: 88,2,88,B1 18 58 ,FALSE
630,29:02.6,out,Controller 24: 89,2,89,B1 18 59 ,FALSE
631,29:02.6,out,Controller 24: 90,2,90,B1 18 5A ,FALSE
632,29:02.6,out,Controller 24: 91,2,91,B1 18 5B ,FALSE
633,29:02.6,out,Controller 24: 92,2,92,B1 18 5C ,FALSE
634,29:02.6,out,Controller 24: 93,2,93,B1 18 5D ,FALSE
635,29:02.6,out,Controller 24: 94,2,94,B1 18 5E ,FALSE
636,29:02.7,out,Controller 24: 95,2,95,B1 18 5F ,FALSE
637,29:02.7,out,Controller 24: 96,2,96,B1 18 60 ,FALSE
638,29:02.7,out,Controller 24: 97,2,97,B1 18 61 ,FALSE
639,29:02.7,out,Controller 24: 98,2,98,B1 18 62 ,FALSE
640,29:02.7,out,Controller 24: 99,2,99,B1 18 63 ,FALSE
641,29:02.7,out,Controller 24: 100,2,100,B1 18 64 ,FALSE
642,29:02.7,out,Controller 24: 101,2,101,B1 18 65 ,FALSE
643,29:02.8,out,Controller 24: 102,2,102,B1 18 66 ,FALSE
644,29:05.1,out,Controller 9: 65,2,65,B1 09 41 ,FALSE
645,29:05.1,out,Controller 41: 10,2,10,B1 29 0A ,FALSE
646,29:05.1,out,Controller 9: 65,2,65,B1 09 41 ,FALSE
647,29:05.1,out,Controller 41: 9,2,9,B1 29 09 ,FALSE
648,29:05.1,out,Controller 9: 64,2,64,B1 09 40 ,FALSE
649,29:05.1,out,Controller 41: 5,2,5,B1 29 05 ,FALSE
650,29:05.1,out,Controller 9: 64,2,64,B1 09 40 ,FALSE
651,29:05.1,out,Controller 41: 4,2,4,B1 29 04 ,FALSE
652,29:05.1,out,Controller 9: 64,2,64,B1 09 40 ,FALSE
653,29:05.1,out,Controller 41: 0,2,0,B1 29 00 ,FALSE
654,29:05.2,out,Controller 9: 63,2,63,B1 09 3F ,FALSE
655,29:05.2,out,Controller 41: 106,2,106,B1 29 6A ,FALSE
656,29:05.2,out,Controller 9: 63,2,63,B1 09 3F ,FALSE
657,29:05.2,out,Controller 41: 105,2,105,B1 29 69 ,FALSE
658,29:05.2,out,Controller 9: 62,2,62,B1 09 3E ,FALSE
659,29:05.2,out,Controller 41: 123,2,123,B1 29 7B ,FALSE
660,29:05.2,out,Controller 9: 62,2,62,B1 09 3E ,FALSE
661,29:05.2,out,Controller 41: 122,2,122,B1 29 7A ,FALSE
662,29:05.2,out,Controller 9: 62,2,62,B1 09 3E ,FALSE
663,29:05.2,out,Controller 41: 8,2,8,B1 29 08 ,FALSE
664,29:05.2,out,Controller 9: 62,2,62,B1 09 3E ,FALSE
665,29:05.2,out,Controller 41: 7,2,7,B1 29 07 ,FALSE
666,29:05.2,out,Controller 9: 61,2,61,B1 09 3D ,FALSE
667,29:05.2,out,Controller 41: 20,2,20,B1 29 14 ,FALSE
668,29:05.3,out,Controller 9: 61,2,61,B1 09 3D ,FALSE
669,29:05.3,out,Controller 41: 19,2,19,B1 29 13 ,FALSE
670,29:05.3,out,Controller 9: 60,2,60,B1 09 3C ,FALSE
671,29:05.3,out,Controller 41: 33,2,33,B1 29 21 ,FALSE
672,29:05.3,out,Controller 9: 60,2,60,B1 09 3C ,FALSE
673,29:05.3,out,Controller 41: 32,2,32,B1 29 20 ,FALSE
674,29:05.3,out,Controller 9: 59,2,59,B1 09 3B ,FALSE
675,29:05.3,out,Controller 41: 41,2,41,B1 29 29 ,FALSE
676,29:05.3,out,Controller 9: 59,2,59,B1 09 3B ,FALSE
677,29:05.3,out,Controller 41: 40,2,40,B1 29 28 ,FALSE
678,29:05.3,out,Controller 9: 58,2,58,B1 09 3A ,FALSE
679,29:05.3,out,Controller 41: 45,2,45,B1 29 2D ,FALSE
680,29:05.3,out,Controller 9: 58,2,58,B1 09 3A ,FALSE
681,29:05.3,out,Controller 41: 44,2,44,B1 29 2C ,FALSE
682,29:05.3,out,Controller 9: 57,2,57,B1 09 39 ,FALSE
683,29:05.3,out,Controller 41: 46,2,46,B1 29 2E ,FALSE
684,29:05.3,out,Controller 9: 57,2,57,B1 09 39 ,FALSE
685,29:05.3,out,Controller 41: 45,2,45,B1 29 2D ,FALSE
686,29:05.3,out,Controller 9: 56,2,56,B1 09 38 ,FALSE
687,29:05.3,out,Controller 41: 55,2,55,B1 29 37 ,FALSE
688,29:05.3,out,Controller 9: 56,2,56,B1 09 38 ,FALSE
689,29:05.3,out,Controller 41: 54,2,54,B1 29 36 ,FALSE
690,29:05.4,out,Controller 9: 55,2,55,B1 09 37 ,FALSE
691,29:05.4,out,Controller 41: 73,2,73,B1 29 49 ,FALSE
692,29:05.4,out,Controller 9: 55,2,55,B1 09 37 ,FALSE
693,29:05.4,out,Controller 41: 72,2,72,B1 29 48 ,FALSE
694,29:05.4,out,Controller 9: 54,2,54,B1 09 36 ,FALSE
695,29:05.4,out,Controller 41: 85,2,85,B1 29 55 ,FALSE
696,29:05.4,out,Controller 9: 54,2,54,B1 09 36 ,FALSE
697,29:05.4,out,Controller 41: 84,2,84,B1 29 54 ,FALSE
698,29:05.4,out,Controller 9: 53,2,53,B1 09 35 ,FALSE
699,29:05.4,out,Controller 41: 90,2,90,B1 29 5A ,FALSE
700,29:05.4,out,Controller 9: 53,2,53,B1 09 35 ,FALSE
701,29:05.4,out,Controller 41: 89,2,89,B1 29 59 ,FALSE
702,29:05.4,out,Controller 9: 52,2,52,B1 09 34 ,FALSE
703,29:05.4,out,Controller 41: 100,2,100,B1 29 64 ,FALSE
704,29:05.4,out,Controller 9: 52,2,52,B1 09 34 ,FALSE
705,29:05.4,out,Controller 41: 99,2,99,B1 29 63 ,FALSE
706,29:05.4,out,Controller 9: 51,2,51,B1 09 33 ,FALSE
707,29:05.4,out,Controller 41: 114,2,114,B1 29 72 ,FALSE
708,29:05.4,out,Controller 9: 51,2,51,B1 09 33 ,FALSE
709,29:05.4,out,Controller 41: 113,2,113,B1 29 71 ,FALSE
710,29:05.5,out,Controller 9: 50,2,50,B1 09 32 ,FALSE
711,29:05.5,out,Controller 41: 124,2,124,B1 29 7C ,FALSE
712,29:05.5,out,Controller 9: 50,2,50,B1 09 32 ,FALSE
713,29:05.5,out,Controller 41: 123,2,123,B1 29 7B ,FALSE
714,29:05.5,out,Controller 9: 50,2,50,B1 09 32 ,FALSE
715,29:05.5,out,Controller 41: 16,2,16,B1 29 10 ,FALSE
716,29:05.5,out,Controller 9: 50,2,50,B1 09 32 ,FALSE
717,29:05.5,out,Controller 41: 14,2,14,B1 29 0E ,FALSE
718,29:05.5,out,Controller 9: 49,2,49,B1 09 31 ,FALSE
719,29:05.5,out,Controller 41: 40,2,40,B1 29 28 ,FALSE
720,29:05.5,out,Controller 9: 49,2,49,B1 09 31 ,FALSE
721,29:05.5,out,Controller 41: 39,2,39,B1 29 27 ,FALSE
722,29:05.5,out,Controller 9: 48,2,48,B1 09 30 ,FALSE
723,29:05.5,out,Controller 41: 64,2,64,B1 29 40 ,FALSE
724,29:05.5,out,Controller 9: 48,2,48,B1 09 30 ,FALSE
725,29:05.5,out,Controller 41: 63,2,63,B1 29 3F ,FALSE
726,29:05.5,out,Controller 9: 48,2,48,B1 09 30 ,FALSE
727,29:05.5,out,Controller 41: 62,2,62,B1 29 3E ,FALSE
728,29:05.5,out,Controller 9: 47,2,47,B1 09 2F ,FALSE
729,29:05.5,out,Controller 41: 67,2,67,B1 29 43 ,FALSE
730,29:05.6,out,Controller 9: 47,2,47,B1 09 2F ,FALSE
731,29:05.6,out,Controller 41: 66,2,66,B1 29 42 ,FALSE
732,29:05.6,out,Controller 9: 47,2,47,B1 09 2F ,FALSE
733,29:05.6,out,Controller 41: 65,2,65,B1 29 41 ,FALSE
734,29:05.6,out,Controller 9: 46,2,46,B1 09 2E ,FALSE
735,29:05.6,out,Controller 41: 81,2,81,B1 29 51 ,FALSE
736,29:05.6,out,Controller 9: 46,2,46,B1 09 2E ,FALSE
737,29:05.6,out,Controller 41: 80,2,80,B1 29 50 ,FALSE
738,29:05.6,out,Controller 9: 46,2,46,B1 09 2E ,FALSE
739,29:05.6,out,Controller 41: 79,2,79,B1 29 4F ,FALSE
740,29:05.6,out,Controller 9: 45,2,45,B1 09 2D ,FALSE
741,29:05.6,out,Controller 41: 93,2,93,B1 29 5D ,FALSE
742,29:05.6,out,Controller 9: 45,2,45,B1 09 2D ,FALSE
743,29:05.6,out,Controller 41: 92,2,92,B1 29 5C ,FALSE
744,29:05.7,out,Controller 9: 45,2,45,B1 09 2D ,FALSE
745,29:05.7,out,Controller 41: 91,2,91,B1 29 5B ,FALSE
746,29:05.7,out,Controller 9: 44,2,44,B1 09 2C ,FALSE
747,29:05.7,out,Controller 41: 107,2,107,B1 29 6B ,FALSE
748,29:05.7,out,Controller 9: 44,2,44,B1 09 2C ,FALSE
749,29:05.7,out,Controller 41: 106,2,106,B1 29 6A ,FALSE
750,29:05.7,out,Controller 9: 44,2,44,B1 09 2C ,FALSE
751,29:05.7,out,Controller 41: 105,2,105,B1 29 69 ,FALSE
752,29:05.7,out,Controller 9: 43,2,43,B1 09 2B ,FALSE
753,29:05.7,out,Controller 41: 113,2,113,B1 29 71 ,FALSE
754,29:05.7,out,Controller 9: 43,2,43,B1 09 2B ,FALSE
755,29:05.7,out,Controller 41: 112,2,112,B1 29 70 ,FALSE
756,29:05.7,out,Controller 9: 43,2,43,B1 09 2B ,FALSE
757,29:05.7,out,Controller 41: 111,2,111,B1 29 6F ,FALSE
758,29:05.7,out,Controller 9: 42,2,42,B1 09 2A ,FALSE
759,29:05.7,out,Controller 41: 116,2,116,B1 29 74 ,FALSE
760,29:05.8,out,Controller 9: 42,2,42,B1 09 2A ,FALSE
761,29:05.8,out,Controller 41: 115,2,115,B1 29 73 ,FALSE
762,29:05.8,out,Controller 9: 42,2,42,B1 09 2A ,FALSE
763,29:05.8,out,Controller 41: 114,2,114,B1 29 72 ,FALSE
764,29:05.8,out,Controller 9: 41,2,41,B1 09 29 ,FALSE
765,29:05.8,out,Controller 41: 124,2,124,B1 29 7C ,FALSE
766,29:05.8,out,Controller 9: 41,2,41,B1 09 29 ,FALSE
767,29:05.8,out,Controller 41: 123,2,123,B1 29 7B ,FALSE
768,29:05.8,out,Controller 9: 41,2,41,B1 09 29 ,FALSE
769,29:05.8,out,Controller 41: 122,2,122,B1 29 7A ,FALSE
770,29:05.8,out,Controller 9: 41,2,41,B1 09 29 ,FALSE
771,29:05.8,out,Controller 41: 120,2,120,B1 29 78 ,FALSE
772,29:05.8,out,Controller 9: 41,2,41,B1 09 29 ,FALSE
773,29:05.8,out,Controller 41: 17,2,17,B1 29 11 ,FALSE
774,29:08.3,out,Controller 24: 101,2,101,B1 18 65 ,FALSE
775,29:08.3,out,Controller 24: 100,2,100,B1 18 64 ,FALSE
776,29:08.4,out,Controller 24: 99,2,99,B1 18 63 ,FALSE
777,29:08.4,out,Controller 24: 98,2,98,B1 18 62 ,FALSE
778,29:08.4,out,Controller 24: 97,2,97,B1 18 61 ,FALSE
779,29:08.4,out,Controller 24: 96,2,96,B1 18 60 ,FALSE
780,29:08.4,out,Controller 24: 95,2,95,B1 18 5F ,FALSE
781,29:08.4,out,Controller 24: 94,2,94,B1 18 5E ,FALSE
782,29:08.4,out,Controller 24: 93,2,93,B1 18 5D ,FALSE
783,29:08.4,out,Controller 24: 92,2,92,B1 18 5C ,FALSE
784,29:08.4,out,Controller 24: 91,2,91,B1 18 5B ,FALSE
785,29:08.5,out,Controller 24: 90,2,90,B1 18 5A ,FALSE
786,29:08.5,out,Controller 24: 89,2,89,B1 18 59 ,FALSE
787,29:08.5,out,Controller 24: 88,2,88,B1 18 58 ,FALSE
788,29:08.5,out,Controller 24: 87,2,87,B1 18 57 ,FALSE
789,29:08.5,out,Controller 24: 86,2,86,B1 18 56 ,FALSE
790,29:08.5,out,Controller 24: 85,2,85,B1 18 55 ,FALSE
791,29:08.5,out,Controller 24: 84,2,84,B1 18 54 ,FALSE
792,29:08.6,out,Controller 24: 83,2,83,B1 18 53 ,FALSE
793,29:08.6,out,Controller 24: 82,2,82,B1 18 52 ,FALSE
794,29:08.6,out,Controller 24: 81,2,81,B1 18 51 ,FALSE
795,29:08.6,out,Controller 24: 80,2,80,B1 18 50 ,FALSE
796,29:08.6,out,Controller 24: 79,2,79,B1 18 4F ,FALSE
797,29:08.6,out,Controller 24: 78,2,78,B1 18 4E ,FALSE
798,29:08.7,out,Controller 24: 77,2,77,B1 18 4D ,FALSE
799,29:08.7,out,Controller 24: 76,2,76,B1 18 4C ,FALSE
800,29:08.7,out,Controller 24: 75,2,75,B1 18 4B ,FALSE
801,29:08.7,out,Controller 24: 74,2,74,B1 18 4A ,FALSE
802,29:08.7,out,Controller 24: 73,2,73,B1 18 49 ,FALSE
803,29:08.7,out,Controller 24: 72,2,72,B1 18 48 ,FALSE
804,29:08.7,out,Controller 24: 71,2,71,B1 18 47 ,FALSE
805,29:08.7,out,Controller 24: 70,2,70,B1 18 46 ,FALSE
806,29:08.8,out,Controller 24: 69,2,69,B1 18 45 ,FALSE
807,29:08.8,out,Controller 24: 68,2,68,B1 18 44 ,FALSE
808,29:08.8,out,Controller 24: 66,2,66,B1 18 42 ,FALSE
809,29:08.8,out,Controller 24: 64,2,64,B1 18 40 ,FALSE
810,29:09.6,out,Controller 28: 101,2,101,B1 1C 65 ,FALSE
811,29:09.6,out,Controller 28: 100,2,100,B1 1C 64 ,FALSE
812,29:09.6,out,Controller 28: 99,2,99,B1 1C 63 ,FALSE
813,29:09.6,out,Controller 28: 98,2,98,B1 1C 62 ,FALSE
814,29:09.6,out,Controller 28: 97,2,97,B1 1C 61 ,FALSE
815,29:09.6,out,Controller 28: 96,2,96,B1 1C 60 ,FALSE
816,29:09.6,out,Controller 28: 95,2,95,B1 1C 5F ,FALSE
817,29:09.7,out,Controller 28: 93,2,93,B1 1C 5D ,FALSE
818,29:09.7,out,Controller 28: 92,2,92,B1 1C 5C ,FALSE
819,29:09.7,out,Controller 28: 90,2,90,B1 1C 5A ,FALSE
820,29:09.7,out,Controller 28: 88,2,88,B1 1C 58 ,FALSE
821,29:09.7,out,Controller 28: 86,2,86,B1 1C 56 ,FALSE
822,29:09.7,out,Controller 28: 84,2,84,B1 1C 54 ,FALSE
823,29:09.7,out,Controller 28: 81,2,81,B1 1C 51 ,FALSE
824,29:09.7,out,Controller 28: 79,2,79,B1 1C 4F ,FALSE
825,29:09.7,out,Controller 28: 77,2,77,B1 1C 4D ,FALSE
826,29:09.7,out,Controller 28: 74,2,74,B1 1C 4A ,FALSE
827,29:09.7,out,Controller 28: 73,2,73,B1 1C 49 ,FALSE
828,29:09.7,out,Controller 28: 71,2,71,B1 1C 47 ,FALSE
829,29:09.7,out,Controller 28: 69,2,69,B1 1C 45 ,FALSE
830,29:09.8,out,Controller 28: 67,2,67,B1 1C 43 ,FALSE
831,29:09.8,out,Controller 28: 65,2,65,B1 1C 41 ,FALSE
832,29:09.8,out,Controller 28: 63,2,63,B1 1C 3F ,FALSE
833,29:09.8,out,Controller 28: 62,2,62,B1 1C 3E ,FALSE
834,29:09.8,out,Controller 28: 60,2,60,B1 1C 3C ,FALSE
835,29:09.8,out,Controller 28: 58,2,58,B1 1C 3A ,FALSE
836,29:09.8,out,Controller 28: 56,2,56,B1 1C 38 ,FALSE
837,29:09.8,out,Controller 28: 54,2,54,B1 1C 36 ,FALSE
838,29:09.8,out,Controller 28: 52,2,52,B1 1C 34 ,FALSE
839,29:09.8,out,Controller 28: 50,2,50,B1 1C 32 ,FALSE
840,29:09.9,out,Controller 28: 48,2,48,B1 1C 30 ,FALSE
841,29:09.9,out,Controller 28: 46,2,46,B1 1C 2E ,FALSE
842,29:09.9,out,Controller 28: 44,2,44,B1 1C 2C ,FALSE
843,29:09.9,out,Controller 28: 43,2,43,B1 1C 2B ,FALSE
844,29:09.9,out,Controller 28: 41,2,41,B1 1C 29 ,FALSE
845,29:09.9,out,Controller 28: 39,2,39,B1 1C 27 ,FALSE
846,29:09.9,out,Controller 28: 37,2,37,B1 1C 25 ,FALSE
847,29:09.9,out,Controller 28: 35,2,35,B1 1C 23 ,FALSE
848,29:09.9,out,Controller 28: 33,2,33,B1 1C 21 ,FALSE
849,29:09.9,out,Controller 28: 32,2,32,B1 1C 20 ,FALSE
850,29:09.9,out,Controller 28: 30,2,30,B1 1C 1E ,FALSE
851,29:09.9,out,Controller 28: 28,2,28,B1 1C 1C ,FALSE
852,29:09.9,out,Controller 28: 27,2,27,B1 1C 1B ,FALSE
853,29:10.0,out,Controller 28: 25,2,25,B1 1C 19 ,FALSE
854,29:10.0,out,Controller 28: 23,2,23,B1 1C 17 ,FALSE
855,29:10.0,out,Controller 28: 22,2,22,B1 1C 16 ,FALSE
856,29:10.0,out,Controller 28: 20,2,20,B1 1C 14 ,FALSE
857,29:10.0,out,Controller 28: 19,2,19,B1 1C 13 ,FALSE
858,29:10.0,out,Controller 28: 17,2,17,B1 1C 11 ,FALSE
859,29:10.0,out,Controller 28: 15,2,15,B1 1C 0F ,FALSE
860,29:10.0,out,Controller 28: 14,2,14,B1 1C 0E ,FALSE
861,29:10.0,out,Controller 28: 12,2,12,B1 1C 0C ,FALSE
862,29:10.0,out,Controller 28: 11,2,11,B1 1C 0B ,FALSE
863,29:10.0,out,Controller 28: 9,2,9,B1 1C 09 ,FALSE
864,29:10.0,out,Controller 28: 7,2,7,B1 1C 07 ,FALSE
865,29:10.0,out,Controller 28: 5,2,5,B1 1C 05 ,FALSE
866,29:10.0,out,Controller 28: 4,2,4,B1 1C 04 ,FALSE
867,29:10.1,out,Controller 28: 3,2,3,B1 1C 03 ,FALSE
868,29:10.1,out,Controller 28: 2,2,2,B1 1C 02 ,FALSE
869,29:10.1,out,Controller 28: 1,2,1,B1 1C 01 ,FALSE
870,29:10.1,out,Controller 28: 0,2,0,B1 1C 00 ,FALSE
871,29:10.2,out,Controller 28: 1,2,1,B1 1C 01 ,FALSE
872,29:10.2,out,Controller 28: 2,2,2,B1 1C 02 ,FALSE
873,29:10.2,out,Controller 28: 3,2,3,B1 1C 03 ,FALSE
874,29:10.3,out,Controller 28: 2,2,2,B1 1C 02 ,FALSE
875,29:10.3,out,Controller 28: 0,2,0,B1 1C 00 ,FALSE
